Product ID;Active (0/1);Name *;Categories;Price tax excluded;Tax rules ID;Wholesale price;On sale (0/1);Discount amount;Discount percent;Discount from (yyyy-mm-dd);Discount to (yyyy-mm-dd);Reference #;Supplier reference #;Supplier;Manufacturer;EAN13;UPC;MPN;Ecotax;Width;Height;Depth;Weight;Delivery time of in-stock products;Delivery time of out-of-stock products with allowed orders;Quantity;Minimal quantity;Low stock level;Receive a low stock alert by email;Visibility;Additional shipping cost;Unity;Unit price;Summary;Description;Tags;Meta title;Meta keywords;Meta description;URL rewritten;Text when in stock;Text when backorder allowed;Available for order;Product available date;Product creation date;Show price;Image URLs;Image alt texts;Delete existing images;Feature(Name:Value:Position);Available online only;Condition;Customizable;Uploadable files;Text fields;Out of stock action;Virtual product;File URL;Number of allowed downloads;Expiration date;Number of days;ID / Name of shop;Advanced stock management;Depends On Stock;Warehouse;Acessories
;1;3,5x28 mm DIN 5685 hosszúszemű natúr szemeslánc;Láncok/Szemesláncok;0;1;;0;;0;;;N-SZL-0-3,5x28;;;Renold;;;;;;;;0.0;;;0.0;;;;;;m;0;"Renold gyártmányú, 3,5 mm huzalátmérőjű, 28 mm belső hosszúságú, egyenes szemformájú, natúr felületű, acél szemeslánc.<hr><div style='padding: 10px; background: #fff3f3; border: 1px solid #ffcccc; color: #d00;'><b>FIGYELEM:</b> A termék jelenleg nincs készleten, de rendelhető!</div><hr>A szállítási határidőről egyeztessen munkatársunkkal!<hr><strong>Figyelem!</strong><br>A termékkép illusztráció, a pontos műszaki tartalmat a cikkszám és a termék megnevezése tartalmazza! Kérdés, kérés esetén hívja munkatársunkat, vagy vegye fel velünk a kapcsolatot!";Renold gyártmányú, 3,5 mm huzalátmérőjű, 28 mm belső hosszúságú, egyenes szemformájú, natúr felületű, acél szemeslánc.;Szemeslánc,3.5x28;3,5x28 mm DIN 5685 hosszúszemű natúr szemeslánc;3.5x28,szemeslánc;Renold gyártmányú, 3,5 mm huzalátmérőjű, 28 mm belső hosszúságú, egyenes szemformájú, natúr felületű, acél szemeslánc;N-SZL-0-3,5x28;Raktáron;Rendelhető;1;;;0;http://localhost/product-images/N-SZL.png,http://localhost/product-images/D-SZL.png;3,5x28 mm DIN 5685 hosszúszemű natúr szemeslánc;0;Szemforma:Egyenes:1,Huzal átmérő:3.5:2,Belső hossz:28:3,Elérhető:Árajánlattal:4,Méret:3.5x28:5,Anyag:Acél:6,Felületkezelés:Natúr:7;;;;;;2;;;;;;;;;;
;1;10x10 mm négyzetprofilú szemeslánc;Láncok/Szemesláncok;0;1;;0;;0;;;N-SZL-0-10x10;;;Renold;;;;;;;;0.0;;;0.0;;;;;;m;0;"Renold gyártmányú, 10 mm huzalátmérőjű, 10 mm belső hosszúságú, egyenes szemformájú, natúr felületű, acél szemeslánc.<hr><div style='padding: 10px; background: #fff3f3; border: 1px solid #ffcccc; color: #d00;'><b>FIGYELEM:</b> A termék jelenleg nincs készleten, de rendelhető!</div><hr>A szállítási határidőről egyeztessen munkatársunkkal!<hr><strong>Figyelem!</strong><br>A termékkép illusztráció, a pontos műszaki tartalmat a cikkszám és a termék megnevezése tartalmazza! Kérdés, kérés esetén hívja munkatársunkat, vagy vegye fel velünk a kapcsolatot!";Renold gyártmányú, 10 mm huzalátmérőjű, 10 mm belső hosszúságú, egyenes szemformájú, natúr felületű, acél szemeslánc.;Szemeslánc,10x10;10x10 mm négyzetprofilú szemeslánc;10x10,szemeslánc;Renold gyártmányú, 10 mm huzalátmérőjű, 10 mm belső hosszúságú, egyenes szemformájú, natúr felületű, acél szemeslánc;N-SZL-0-10x10;Raktáron;Rendelhető;1;;;0;http://localhost/product-images/N-SZL.png,http://localhost/product-images/D-SZL.png;10x10 mm négyzetprofilú szemeslánc;0;Anyag:Acél:1,Felületkezelés:Natúr:2,Szemforma:Egyenes:3,Huzal átmérő:10:4,Belső hossz:10:5,Elérhető:Árajánlattal:6,Méret:10x10:7;;;;;;2;;;;;;;;;;
;1;3,5x28 mm DIN 5685 hosszúszemű horganyzott szemeslánc;Láncok/Szemesláncok;0;1;;0;;0;;;N-SZL-0-3,5x28_H;;;Renold;;;;;;;;0.0;;;0.0;;;;;;m;0;"Renold gyártmányú, 3,5 mm huzalátmérőjű, 28 mm belső hosszúságú, egyenes szemformájú, horganyzott felületű, acél szemeslánc.<hr><div style='padding: 10px; background: #fff3f3; border: 1px solid #ffcccc; color: #d00;'><b>FIGYELEM:</b> A termék jelenleg nincs készleten, de rendelhető!</div><hr>A szállítási határidőről egyeztessen munkatársunkkal!<hr><strong>Figyelem!</strong><br>A termékkép illusztráció, a pontos műszaki tartalmat a cikkszám és a termék megnevezése tartalmazza! Kérdés, kérés esetén hívja munkatársunkat, vagy vegye fel velünk a kapcsolatot!";Renold gyártmányú, 3,5 mm huzalátmérőjű, 28 mm belső hosszúságú, egyenes szemformájú, horganyzott felületű, acél szemeslánc.;Horganyzott,Szemeslánc,3.5x28;3,5x28 mm DIN 5685 hosszúszemű horganyzott szemeslánc;3.5x28,horganyzott,szemeslánc;Renold gyártmányú, 3,5 mm huzalátmérőjű, 28 mm belső hosszúságú, egyenes szemformájú, horganyzott felületű, acél szemeslánc;N-SZL-0-3,5x28_H;Raktáron;Rendelhető;1;;;0;http://localhost/product-images/N-SZL_H.png,http://localhost/product-images/D-SZL_H.png;3,5x28 mm DIN 5685 hosszúszemű horganyzott szemeslánc;0;Anyag:Acél:1,Felületkezelés:Horganyzott:2,Szemforma:Egyenes:3,Huzal átmérő:3.5:4,Belső hossz:28:5,Elérhető:Árajánlattal:6,Méret:3.5x28:7;;;;;;2;;;;;;;;;;
;1;10x31 mm DIN 32895 teherlánc patentszem;Láncok/Szemesláncok;0;1;;0;;0;;;N-SZLPSZ-0-10x31;;;Renold;;;;;;;;0.0;;;0.0;;;;;;db;0;"Renold gyártmányú, 10 mm huzalátmérőjű, 31 mm belső hosszúságú, egyenes szemformájú, natúr felületű, rozsdamentes patentszem.<hr><div style='padding: 10px; background: #fff3f3; border: 1px solid #ffcccc; color: #d00;'><b>FIGYELEM:</b> A termék jelenleg nincs készleten, de rendelhető!</div><hr>A szállítási határidőről egyeztessen munkatársunkkal!<hr><strong>Figyelem!</strong><br>A termékkép illusztráció, a pontos műszaki tartalmat a cikkszám és a termék megnevezése tartalmazza! Kérdés, kérés esetén hívja munkatársunkat, vagy vegye fel velünk a kapcsolatot!";Renold gyártmányú, 10 mm huzalátmérőjű, 31 mm belső hosszúságú, egyenes szemformájú, natúr felületű, rozsdamentes patentszem.;rozsdamentes,saválló,Szemeslánc patentszem,10x31;10x31 mm DIN 32895 teherlánc patentszem;10x31,rozsdamentes,saválló,szemeslánc patentszem;Renold gyártmányú, 10 mm huzalátmérőjű, 31 mm belső hosszúságú, egyenes szemformájú, natúr felületű, rozsdamentes patentszem;N-SZLPSZ-0-10x31;db;db;1;;;0;http://localhost/product-images/N-SZLPSZ.png,http://localhost/product-images/D-SZLPSZ.png;10x31 mm DIN 32895 teherlánc patentszem;0;Anyag:Rozsdamentes:1,Felületkezelés:Natúr:2,Szemforma:Egyenes:3,Huzal átmérő:10:4,Belső hossz:31:5,Elérhető:Árajánlattal:6,Méret:10x31:7;;;;;;2;;;;;;;;;;
;1;8x31 mm DIN 32895 teherlánc patentszem;Láncok/Szemesláncok;0;1;;0;;0;;;N-SZLPSZ-0-8x31;;;Renold;;;;;;;;0.0;;;0.0;;;;;;db;0;"Renold gyártmányú, 8 mm huzalátmérőjű, 31 mm belső hosszúságú, egyenes szemformájú, natúr felületű, rozsdamentes patentszem.<hr><div style='padding: 10px; background: #fff3f3; border: 1px solid #ffcccc; color: #d00;'><b>FIGYELEM:</b> A termék jelenleg nincs készleten, de rendelhető!</div><hr>A szállítási határidőről egyeztessen munkatársunkkal!<hr><strong>Figyelem!</strong><br>A termékkép illusztráció, a pontos műszaki tartalmat a cikkszám és a termék megnevezése tartalmazza! Kérdés, kérés esetén hívja munkatársunkat, vagy vegye fel velünk a kapcsolatot!";Renold gyártmányú, 8 mm huzalátmérőjű, 31 mm belső hosszúságú, egyenes szemformájú, natúr felületű, rozsdamentes patentszem.;rozsdamentes,saválló,Szemeslánc patentszem,8x31;8x31 mm DIN 32895 teherlánc patentszem;8x31,rozsdamentes,saválló,szemeslánc patentszem;Renold gyártmányú, 8 mm huzalátmérőjű, 31 mm belső hosszúságú, egyenes szemformájú, natúr felületű, rozsdamentes patentszem;N-SZLPSZ-0-8x31;db;db;1;;;0;http://localhost/product-images/N-SZLPSZ.png,http://localhost/product-images/D-SZLPSZ.png;8x31 mm DIN 32895 teherlánc patentszem;0;Anyag:Rozsdamentes:1,Felületkezelés:Natúr:2,Szemforma:Egyenes:3,Huzal átmérő:8:4,Belső hossz:31:5,Elérhető:Árajánlattal:6,Méret:8x31:7;;;;;;2;;;;;;;;;;
;1;1,4x20 mm DIN 5686 horganyzott csomózott lánc;Láncok/Szemesláncok;0;1;;0;;0;;;N-SZL-0-1,4x20_H;;;Renold;;;;;;;;0.0;;;0.0;;;;;;m;0;"Renold gyártmányú, 1,4 mm huzalátmérőjű, 20 mm belső hosszúságú, egyenes szemformájú, horganyzott felületű, acél szemeslánc.<hr><div style='padding: 10px; background: #fff3f3; border: 1px solid #ffcccc; color: #d00;'><b>FIGYELEM:</b> A termék jelenleg nincs készleten, de rendelhető!</div><hr>A szállítási határidőről egyeztessen munkatársunkkal!<hr><strong>Figyelem!</strong><br>A termékkép illusztráció, a pontos műszaki tartalmat a cikkszám és a termék megnevezése tartalmazza! Kérdés, kérés esetén hívja munkatársunkat, vagy vegye fel velünk a kapcsolatot!";Renold gyártmányú, 1,4 mm huzalátmérőjű, 20 mm belső hosszúságú, egyenes szemformájú, horganyzott felületű, acél szemeslánc.;Horganyzott,Szemeslánc,1.4x20;1,4x20 mm DIN 5686 horganyzott csomózott lánc;1.4x20,horganyzott,szemeslánc;Renold gyártmányú, 1,4 mm huzalátmérőjű, 20 mm belső hosszúságú, egyenes szemformájú, horganyzott felületű, acél szemeslánc;N-SZL-0-1,4x20_H;Raktáron;Rendelhető;1;;;0;http://localhost/product-images/N-SZL_H_csomozott.png,http://localhost/product-images/D-SZL_H_csomozott.png;1,4x20 mm DIN 5686 horganyzott csomózott lánc;0;Anyag:Acél:1,Felületkezelés:Horganyzott:2,Szemforma:Csomózott:3,Huzal átmérő:1.4:4,Belső hossz:20:5,Elérhető:Árajánlattal:6,Méret:1.4x20:7;;;;;;2;;;;;;;;;;
;1;8x24 mm DIN 766 teherlánc patentszem;Láncok/Szemesláncok;0;1;;0;;0;;;N-SZLPSZ-0-8x24;;;Renold;;;;;;;;0.1;;;11.0;;;;;;db;0;"Renold gyártmányú, 8 mm huzalátmérőjű, 24 mm belső hosszúságú, egyenes szemformájú, natúr felületű, rozsdamentes patentszem.<hr><div style='padding: 10px; background: #fff3f3; border: 1px solid #ffcccc; color: #d00;'><b>FIGYELEM:</b> A termék jelenleg nincs készleten, de rendelhető!</div><hr>A szállítási határidőről egyeztessen munkatársunkkal!<hr><strong>Figyelem!</strong><br>A termékkép illusztráció, a pontos műszaki tartalmat a cikkszám és a termék megnevezése tartalmazza! Kérdés, kérés esetén hívja munkatársunkat, vagy vegye fel velünk a kapcsolatot!";Renold gyártmányú, 8 mm huzalátmérőjű, 24 mm belső hosszúságú, egyenes szemformájú, natúr felületű, rozsdamentes patentszem.;rozsdamentes,saválló,Szemeslánc patentszem,8x24;8x24 mm DIN 766 teherlánc patentszem;8x24,rozsdamentes,saválló,szemeslánc patentszem;Renold gyártmányú, 8 mm huzalátmérőjű, 24 mm belső hosszúságú, egyenes szemformájú, natúr felületű, rozsdamentes patentszem;N-SZLPSZ-0-8x24;db;db;1;;;0;http://localhost/product-images/N-SZLPSZ.png,http://localhost/product-images/D-SZLPSZ.png;8x24 mm DIN 766 teherlánc patentszem;0;Méret:8x24:1,Anyag:Rozsdamentes:2,Felületkezelés:Natúr:3,Szemforma:Egyenes:4,Huzal átmérő:8:5,Belső hossz:24:6,Elérhető:Árajánlattal:7;;;;;;2;;;;;;;;;;
;1;9x27 mm DIN 766 teherlánc patentszem;Láncok/Szemesláncok;0;1;;0;;0;;;N-SZLPSZ-0-9x27;;;Renold;;;;;;;;0.1;;;14.0;;;;;;db;0;"Renold gyártmányú, 9 mm huzalátmérőjű, 27 mm belső hosszúságú, egyenes szemformájú, natúr felületű, rozsdamentes patentszem.<hr><div style='padding: 10px; background: #fff3f3; border: 1px solid #ffcccc; color: #d00;'><b>FIGYELEM:</b> A termék jelenleg nincs készleten, de rendelhető!</div><hr>A szállítási határidőről egyeztessen munkatársunkkal!<hr><strong>Figyelem!</strong><br>A termékkép illusztráció, a pontos műszaki tartalmat a cikkszám és a termék megnevezése tartalmazza! Kérdés, kérés esetén hívja munkatársunkat, vagy vegye fel velünk a kapcsolatot!";Renold gyártmányú, 9 mm huzalátmérőjű, 27 mm belső hosszúságú, egyenes szemformájú, natúr felületű, rozsdamentes patentszem.;rozsdamentes,saválló,Szemeslánc patentszem,9x27;9x27 mm DIN 766 teherlánc patentszem;9x27,rozsdamentes,saválló,szemeslánc patentszem;Renold gyártmányú, 9 mm huzalátmérőjű, 27 mm belső hosszúságú, egyenes szemformájú, natúr felületű, rozsdamentes patentszem;N-SZLPSZ-0-9x27;db;db;1;;;0;http://localhost/product-images/N-SZLPSZ.png,http://localhost/product-images/D-SZLPSZ.png;9x27 mm DIN 766 teherlánc patentszem;0;Felületkezelés:Natúr:1,Szemforma:Egyenes:2,Huzal átmérő:9:3,Belső hossz:27:4,Elérhető:Árajánlattal:5,Méret:9x27:6,Anyag:Rozsdamentes:7;;;;;;2;;;;;;;;;;
;1;1,8x25 mm DIN 5686 horganyzott csomózott lánc;Láncok/Szemesláncok;0;1;;0;;0;;;N-SZL-0-1,8x25_H;;;Renold;;;;;;;;0.1;;;5.0;;;;;;m;0;"Renold gyártmányú, 1,8 mm huzalátmérőjű, 25 mm belső hosszúságú, egyenes szemformájú, horganyzott felületű, acél szemeslánc.<hr><div style='padding: 10px; background: #fff3f3; border: 1px solid #ffcccc; color: #d00;'><b>FIGYELEM:</b> A termék jelenleg nincs készleten, de rendelhető!</div><hr>A szállítási határidőről egyeztessen munkatársunkkal!<hr><strong>Figyelem!</strong><br>A termékkép illusztráció, a pontos műszaki tartalmat a cikkszám és a termék megnevezése tartalmazza! Kérdés, kérés esetén hívja munkatársunkat, vagy vegye fel velünk a kapcsolatot!";Renold gyártmányú, 1,8 mm huzalátmérőjű, 25 mm belső hosszúságú, egyenes szemformájú, horganyzott felületű, acél szemeslánc.;Horganyzott,Szemeslánc,1.8x25;1,8x25 mm DIN 5686 horganyzott csomózott lánc;1.8x25,horganyzott,szemeslánc;Renold gyártmányú, 1,8 mm huzalátmérőjű, 25 mm belső hosszúságú, egyenes szemformájú, horganyzott felületű, acél szemeslánc;N-SZL-0-1,8x25_H;Raktáron;Rendelhető;1;;;0;http://localhost/product-images/N-SZL_H_csomozott.png,http://localhost/product-images/D-SZL_H_csomozott.png;1,8x25 mm DIN 5686 horganyzott csomózott lánc;0;Szemforma:Csomózott:1,Huzal átmérő:1.8:2,Belső hossz:25:3,Elérhető:Árajánlattal:4,Méret:1.8x25:5,Anyag:Acél:6,Felületkezelés:Horganyzott:7;;;;;;2;;;;;;;;;;
;1;10x28 mm DIN 766 teherlánc patentszem;Láncok/Szemesláncok;0;1;;0;;0;;;N-SZLPSZ-0-10x28;;;Renold;;;;;;;;0.1;;;6.0;;;;;;db;0;"Renold gyártmányú, 10 mm huzalátmérőjű, 28 mm belső hosszúságú, egyenes szemformájú, natúr felületű, rozsdamentes patentszem.<hr><div style='padding: 10px; background: #fff3f3; border: 1px solid #ffcccc; color: #d00;'><b>FIGYELEM:</b> A termék jelenleg nincs készleten, de rendelhető!</div><hr>A szállítási határidőről egyeztessen munkatársunkkal!<hr><strong>Figyelem!</strong><br>A termékkép illusztráció, a pontos műszaki tartalmat a cikkszám és a termék megnevezése tartalmazza! Kérdés, kérés esetén hívja munkatársunkat, vagy vegye fel velünk a kapcsolatot!";Renold gyártmányú, 10 mm huzalátmérőjű, 28 mm belső hosszúságú, egyenes szemformájú, natúr felületű, rozsdamentes patentszem.;rozsdamentes,saválló,Szemeslánc patentszem,10x28;10x28 mm DIN 766 teherlánc patentszem;10x28,rozsdamentes,saválló,szemeslánc patentszem;Renold gyártmányú, 10 mm huzalátmérőjű, 28 mm belső hosszúságú, egyenes szemformájú, natúr felületű, rozsdamentes patentszem;N-SZLPSZ-0-10x28;db;db;1;;;0;http://localhost/product-images/N-SZLPSZ.png,http://localhost/product-images/D-SZLPSZ.png;10x28 mm DIN 766 teherlánc patentszem;0;Elérhető:Árajánlattal:1,Méret:10x28:2,Anyag:Rozsdamentes:3,Felületkezelés:Natúr:4,Szemforma:Egyenes:5,Huzal átmérő:10:6,Belső hossz:28:7;;;;;;2;;;;;;;;;;
;1;11x31 mm DIN 766 teherlánc patentszem;Láncok/Szemesláncok;0;1;;0;;0;;;N-SZLPSZ-0-11x31;;;Renold;;;;;;;;0.1;;;2.0;;;;;;db;0;"Renold gyártmányú, 11 mm huzalátmérőjű, 31 mm belső hosszúságú, egyenes szemformájú, natúr felületű, rozsdamentes patentszem.<hr><div style='padding: 10px; background: #fff3f3; border: 1px solid #ffcccc; color: #d00;'><b>FIGYELEM:</b> A termék jelenleg nincs készleten, de rendelhető!</div><hr>A szállítási határidőről egyeztessen munkatársunkkal!<hr><strong>Figyelem!</strong><br>A termékkép illusztráció, a pontos műszaki tartalmat a cikkszám és a termék megnevezése tartalmazza! Kérdés, kérés esetén hívja munkatársunkat, vagy vegye fel velünk a kapcsolatot!";Renold gyártmányú, 11 mm huzalátmérőjű, 31 mm belső hosszúságú, egyenes szemformájú, natúr felületű, rozsdamentes patentszem.;rozsdamentes,saválló,Szemeslánc patentszem,11x31;11x31 mm DIN 766 teherlánc patentszem;11x31,rozsdamentes,saválló,szemeslánc patentszem;Renold gyártmányú, 11 mm huzalátmérőjű, 31 mm belső hosszúságú, egyenes szemformájú, natúr felületű, rozsdamentes patentszem;N-SZLPSZ-0-11x31;db;db;1;;;0;http://localhost/product-images/N-SZLPSZ.png,http://localhost/product-images/D-SZLPSZ.png;11x31 mm DIN 766 teherlánc patentszem;0;Huzal átmérő:11:1,Belső hossz:31:2,Elérhető:Árajánlattal:3,Méret:11x31:4,Anyag:Rozsdamentes:5,Felületkezelés:Natúr:6,Szemforma:Egyenes:7;;;;;;2;;;;;;;;;;
;1;2x28 mm DIN 5686 horganyzott csomózott lánc;Láncok/Szemesláncok;0;1;;0;;0;;;N-SZL-0-2x28_H;;;Renold;;;;;;;;0.1;;;0.0;;;;;;m;0;"Renold gyártmányú, 2 mm huzalátmérőjű, 28 mm belső hosszúságú, egyenes szemformájú, horganyzott felületű, acél szemeslánc.<hr><div style='padding: 10px; background: #fff3f3; border: 1px solid #ffcccc; color: #d00;'><b>FIGYELEM:</b> A termék jelenleg nincs készleten, de rendelhető!</div><hr>A szállítási határidőről egyeztessen munkatársunkkal!<hr><strong>Figyelem!</strong><br>A termékkép illusztráció, a pontos műszaki tartalmat a cikkszám és a termék megnevezése tartalmazza! Kérdés, kérés esetén hívja munkatársunkat, vagy vegye fel velünk a kapcsolatot!";Renold gyártmányú, 2 mm huzalátmérőjű, 28 mm belső hosszúságú, egyenes szemformájú, horganyzott felületű, acél szemeslánc.;Horganyzott,Szemeslánc,2x28;2x28 mm DIN 5686 horganyzott csomózott lánc;2x28,horganyzott,szemeslánc;Renold gyártmányú, 2 mm huzalátmérőjű, 28 mm belső hosszúságú, egyenes szemformájú, horganyzott felületű, acél szemeslánc;N-SZL-0-2x28_H;Raktáron;Rendelhető;1;;;0;http://localhost/product-images/N-SZL_H_csomozott.png,http://localhost/product-images/D-SZL_H_csomozott.png;2x28 mm DIN 5686 horganyzott csomózott lánc;0;Elérhető:Árajánlattal:1,Méret:2x28:2,Anyag:Acél:3,Felületkezelés:Horganyzott:4,Szemforma:Csomózott:5,Huzal átmérő:2:6,Belső hossz:28:7;;;;;;2;;;;;;;;;;
;1;2x12 mm DIN 5685 rövidszemű horganyzott szemeslánc ;Láncok/Szemesláncok;0;1;;0;;0;;;N-SZL-0-2x12_H;;;Renold;;;;;;;;0.1;;;30.0;;;;;;m;0;"Renold gyártmányú, 2 mm huzalátmérőjű, 12 mm belső hosszúságú, egyenes szemformájú, horganyzott felületű, acél szemeslánc.<hr><div style='padding: 10px; background: #fff3f3; border: 1px solid #ffcccc; color: #d00;'><b>FIGYELEM:</b> A termék jelenleg nincs készleten, de rendelhető!</div><hr>A szállítási határidőről egyeztessen munkatársunkkal!<hr><strong>Figyelem!</strong><br>A termékkép illusztráció, a pontos műszaki tartalmat a cikkszám és a termék megnevezése tartalmazza! Kérdés, kérés esetén hívja munkatársunkat, vagy vegye fel velünk a kapcsolatot!";Renold gyártmányú, 2 mm huzalátmérőjű, 12 mm belső hosszúságú, egyenes szemformájú, horganyzott felületű, acél szemeslánc.;Horganyzott,Szemeslánc,2x12;2x12 mm DIN 5685 rövidszemű horganyzott szemeslánc ;2x12,horganyzott,szemeslánc;Renold gyártmányú, 2 mm huzalátmérőjű, 12 mm belső hosszúságú, egyenes szemformájú, horganyzott felületű, acél szemeslánc;N-SZL-0-2x12_H;Raktáron;Rendelhető;1;;;0;http://localhost/product-images/N-SZL_H.png,http://localhost/product-images/D-SZL_H.png;2x12 mm DIN 5685 rövidszemű horganyzott szemeslánc ;0;Méret:2x12:1,Anyag:Acél:2,Felületkezelés:Horganyzott:3,Szemforma:Egyenes:4,Huzal átmérő:2:5,Belső hossz:12:6,Elérhető:Árajánlattal:7;;;;;;2;;;;;;;;;;
;1;2,2x15 mm Genovai horganyzott szemeslánc;Láncok/Szemesláncok;0;1;;0;;0;;;N-SZL-0-2,2x15_H;;;Renold;;;;;;;;0.1;;;30.0;;;;;;m;0;"Renold gyártmányú, 2,2 mm huzalátmérőjű, 15 mm belső hosszúságú, egyenes szemformájú, horganyzott felületű, acél szemeslánc.<hr><div style='padding: 10px; background: #fff3f3; border: 1px solid #ffcccc; color: #d00;'><b>FIGYELEM:</b> A termék jelenleg nincs készleten, de rendelhető!</div><hr>A szállítási határidőről egyeztessen munkatársunkkal!<hr><strong>Figyelem!</strong><br>A termékkép illusztráció, a pontos műszaki tartalmat a cikkszám és a termék megnevezése tartalmazza! Kérdés, kérés esetén hívja munkatársunkat, vagy vegye fel velünk a kapcsolatot!";Renold gyártmányú, 2,2 mm huzalátmérőjű, 15 mm belső hosszúságú, egyenes szemformájú, horganyzott felületű, acél szemeslánc.;Horganyzott,Szemeslánc,2.2x15;2,2x15 mm Genovai horganyzott szemeslánc;2.2x15,horganyzott,szemeslánc;Renold gyártmányú, 2,2 mm huzalátmérőjű, 15 mm belső hosszúságú, egyenes szemformájú, horganyzott felületű, acél szemeslánc;N-SZL-0-2,2x15_H;Raktáron;Rendelhető;1;;;0;http://localhost/product-images/N-SZL_H.png,http://localhost/product-images/D-SZL_H.png;2,2x15 mm Genovai horganyzott szemeslánc;0;Anyag:Acél:1,Felületkezelés:Horganyzott:2,Szemforma:Egyenes:3,Huzal átmérő:2.2:4,Belső hossz:15:5,Elérhető:Árajánlattal:6,Méret:2.2x15:7;;;;;;2;;;;;;;;;;
;1;2,2x31 mm DIN 5686 horganyzott csomózott lánc;Láncok/Szemesláncok;0;1;;0;;0;;;N-SZL-0-2,2x31_H;;;Renold;;;;;;;;0.1;;;60.0;;;;;;m;0;"Renold gyártmányú, 2,2 mm huzalátmérőjű, 31 mm belső hosszúságú, egyenes szemformájú, horganyzott felületű, acél szemeslánc.<hr><div style='padding: 10px; background: #fff3f3; border: 1px solid #ffcccc; color: #d00;'><b>FIGYELEM:</b> A termék jelenleg nincs készleten, de rendelhető!</div><hr>A szállítási határidőről egyeztessen munkatársunkkal!<hr><strong>Figyelem!</strong><br>A termékkép illusztráció, a pontos műszaki tartalmat a cikkszám és a termék megnevezése tartalmazza! Kérdés, kérés esetén hívja munkatársunkat, vagy vegye fel velünk a kapcsolatot!";Renold gyártmányú, 2,2 mm huzalátmérőjű, 31 mm belső hosszúságú, egyenes szemformájú, horganyzott felületű, acél szemeslánc.;Horganyzott,Szemeslánc,2.2x31;2,2x31 mm DIN 5686 horganyzott csomózott lánc;2.2x31,horganyzott,szemeslánc;Renold gyártmányú, 2,2 mm huzalátmérőjű, 31 mm belső hosszúságú, egyenes szemformájú, horganyzott felületű, acél szemeslánc;N-SZL-0-2,2x31_H;Raktáron;Rendelhető;1;;;0;http://localhost/product-images/N-SZL_H_csomozott.png,http://localhost/product-images/D-SZL_H_csomozott.png;2,2x31 mm DIN 5686 horganyzott csomózott lánc;0;Szemforma:Csomózott:1,Huzal átmérő:2.2:2,Belső hossz:31:3,Elérhető:Árajánlattal:4,Méret:2.2x31:5,Anyag:Acél:6,Felületkezelés:Horganyzott:7;;;;;;2;;;;;;;;;;
;1;2,5x35 mm DIN 5686 horganyzott csomózott lánc;Láncok/Szemesláncok;0;1;;0;;0;;;N-SZL-0-2,5x35_H;;;Renold;;;;;;;;0.1;;;0.0;;;;;;m;0;"Renold gyártmányú, 2,5 mm huzalátmérőjű, 35 mm belső hosszúságú, egyenes szemformájú, horganyzott felületű, acél szemeslánc.<hr><div style='padding: 10px; background: #fff3f3; border: 1px solid #ffcccc; color: #d00;'><b>FIGYELEM:</b> A termék jelenleg nincs készleten, de rendelhető!</div><hr>A szállítási határidőről egyeztessen munkatársunkkal!<hr><strong>Figyelem!</strong><br>A termékkép illusztráció, a pontos műszaki tartalmat a cikkszám és a termék megnevezése tartalmazza! Kérdés, kérés esetén hívja munkatársunkat, vagy vegye fel velünk a kapcsolatot!";Renold gyártmányú, 2,5 mm huzalátmérőjű, 35 mm belső hosszúságú, egyenes szemformájú, horganyzott felületű, acél szemeslánc.;Horganyzott,Szemeslánc,2.5x35;2,5x35 mm DIN 5686 horganyzott csomózott lánc;2.5x35,horganyzott,szemeslánc;Renold gyártmányú, 2,5 mm huzalátmérőjű, 35 mm belső hosszúságú, egyenes szemformájú, horganyzott felületű, acél szemeslánc;N-SZL-0-2,5x35_H;Raktáron;Rendelhető;1;;;0;http://localhost/product-images/N-SZL_H_csomozott.png,http://localhost/product-images/D-SZL_H_csomozott.png;2,5x35 mm DIN 5686 horganyzott csomózott lánc;0;Szemforma:Csomózott:1,Huzal átmérő:2.5:2,Belső hossz:35:3,Elérhető:Árajánlattal:4,Méret:2.5x35:5,Anyag:Acél:6,Felületkezelés:Horganyzott:7;;;;;;2;;;;;;;;;;
;1;2,7x17,5 mm Genovai horganyzott szemeslánc;Láncok/Szemesláncok;0;1;;0;;0;;;N-SZL-0-2,7x17,5_H;;;Renold;;;;;;;;0.1;;;0.0;;;;;;m;0;"Renold gyártmányú, 2,7 mm huzalátmérőjű, 17,5 mm belső hosszúságú, egyenes szemformájú, horganyzott felületű, acél szemeslánc.<hr><div style='padding: 10px; background: #fff3f3; border: 1px solid #ffcccc; color: #d00;'><b>FIGYELEM:</b> A termék jelenleg nincs készleten, de rendelhető!</div><hr>A szállítási határidőről egyeztessen munkatársunkkal!<hr><strong>Figyelem!</strong><br>A termékkép illusztráció, a pontos műszaki tartalmat a cikkszám és a termék megnevezése tartalmazza! Kérdés, kérés esetén hívja munkatársunkat, vagy vegye fel velünk a kapcsolatot!";Renold gyártmányú, 2,7 mm huzalátmérőjű, 17,5 mm belső hosszúságú, egyenes szemformájú, horganyzott felületű, acél szemeslánc.;Horganyzott,Szemeslánc,2.7x17.5;2,7x17,5 mm Genovai horganyzott szemeslánc;2.7x17.5,horganyzott,szemeslánc;Renold gyártmányú, 2,7 mm huzalátmérőjű, 17,5 mm belső hosszúságú, egyenes szemformájú, horganyzott felületű, acél szemeslánc;N-SZL-0-2,7x17,5_H;Raktáron;Rendelhető;1;;;0;http://localhost/product-images/N-SZL_H.png,http://localhost/product-images/D-SZL_H.png;2,7x17,5 mm Genovai horganyzott szemeslánc;0;Szemforma:Egyenes:1,Huzal átmérő:2.7:2,Belső hossz:17.5:3,Elérhető:Árajánlattal:4,Méret:2.7x17.5:5,Anyag:Acél:6,Felületkezelés:Horganyzott:7;;;;;;2;;;;;;;;;;
;1;3x26 mm DIN 5685 hosszúszemű horganyzott szemeslánc ;Láncok/Szemesláncok;0;1;;0;;0;;;N-SZL-0-3x26_H;;;Renold;;;;;;;;0.1;;;23.0;;;;;;m;0;"Renold gyártmányú, 3 mm huzalátmérőjű, 26 mm belső hosszúságú, egyenes szemformájú, horganyzott felületű, acél szemeslánc.<hr><div style='padding: 10px; background: #fff3f3; border: 1px solid #ffcccc; color: #d00;'><b>FIGYELEM:</b> A termék jelenleg nincs készleten, de rendelhető!</div><hr>A szállítási határidőről egyeztessen munkatársunkkal!<hr><strong>Figyelem!</strong><br>A termékkép illusztráció, a pontos műszaki tartalmat a cikkszám és a termék megnevezése tartalmazza! Kérdés, kérés esetén hívja munkatársunkat, vagy vegye fel velünk a kapcsolatot!";Renold gyártmányú, 3 mm huzalátmérőjű, 26 mm belső hosszúságú, egyenes szemformájú, horganyzott felületű, acél szemeslánc.;Horganyzott,Szemeslánc,3x26;3x26 mm DIN 5685 hosszúszemű horganyzott szemeslánc ;3x26,horganyzott,szemeslánc;Renold gyártmányú, 3 mm huzalátmérőjű, 26 mm belső hosszúságú, egyenes szemformájú, horganyzott felületű, acél szemeslánc;N-SZL-0-3x26_H;Raktáron;Rendelhető;1;;;0;http://localhost/product-images/N-SZL_H.png,http://localhost/product-images/D-SZL_H.png;3x26 mm DIN 5685 hosszúszemű horganyzott szemeslánc ;0;Anyag:Acél:1,Felületkezelés:Horganyzott:2,Szemforma:Egyenes:3,Huzal átmérő:3:4,Belső hossz:26:5,Elérhető:Árajánlattal:6,Méret:3x26:7;;;;;;2;;;;;;;;;;
;1;3x16 mm DIN 5685 natúr rövidszemű szemeslánc;Láncok/Szemesláncok;0;1;;0;;0;;;N-SZL-0-3x16;;;Renold;;;;;;;;0.2;;;0.0;;;;;;m;0;"Renold gyártmányú, 3 mm huzalátmérőjű, 16 mm belső hosszúságú, egyenes szemformájú, natúr felületű, acél szemeslánc.<hr><div style='padding: 10px; background: #fff3f3; border: 1px solid #ffcccc; color: #d00;'><b>FIGYELEM:</b> A termék jelenleg nincs készleten, de rendelhető!</div><hr>A szállítási határidőről egyeztessen munkatársunkkal!<hr><strong>Figyelem!</strong><br>A termékkép illusztráció, a pontos műszaki tartalmat a cikkszám és a termék megnevezése tartalmazza! Kérdés, kérés esetén hívja munkatársunkat, vagy vegye fel velünk a kapcsolatot!";Renold gyártmányú, 3 mm huzalátmérőjű, 16 mm belső hosszúságú, egyenes szemformájú, natúr felületű, acél szemeslánc.;Szemeslánc,3x16;3x16 mm DIN 5685 natúr rövidszemű szemeslánc;3x16,szemeslánc;Renold gyártmányú, 3 mm huzalátmérőjű, 16 mm belső hosszúságú, egyenes szemformájú, natúr felületű, acél szemeslánc;N-SZL-0-3x16;Raktáron;Rendelhető;1;;;0;http://localhost/product-images/N-SZL.png,http://localhost/product-images/D-SZL.png;3x16 mm DIN 5685 natúr rövidszemű szemeslánc;0;Elérhető:Árajánlattal:1,Méret:3x16:2,Anyag:Acél:3,Felületkezelés:Natúr:4,Szemforma:Egyenes:5,Huzal átmérő:3:6,Belső hossz:16:7;;;;;;2;;;;;;;;;;
;1;3x16 mm DIN 5685 natúr rövidszemű szemeslánc;Láncok/Szemesláncok;208;1;;0;;0;;;N-SZL-9-3x16;;;Retezarna;;;;;;;;0.2;;;51.0;;;;;;m;208;Retezarna gyártmányú, 3 mm huzalátmérőjű, 16 mm belső hosszúságú, egyenes szemformájú, natúr felületű, acél szemeslánc.<hr>Készleten: 51 m<hr>Súly: 0.2 kg.<hr>Szállítási idő: 1-2 nap.<hr><strong>Figyelem!</strong><br>A termékkép illusztráció, a pontos műszaki tartalmat a cikkszám és a termék megnevezése tartalmazza! Kérdés, kérés esetén hívja munkatársunkat, vagy vegye fel velünk a kapcsolatot!;Retezarna gyártmányú, 3 mm huzalátmérőjű, 16 mm belső hosszúságú, egyenes szemformájú, natúr felületű, acél szemeslánc.;Szemeslánc,3x16;3x16 mm DIN 5685 natúr rövidszemű szemeslánc;3x16,szemeslánc;Retezarna gyártmányú, 3 mm huzalátmérőjű, 16 mm belső hosszúságú, egyenes szemformájú, natúr felületű, acél szemeslánc;N-SZL-9-3x16;Raktáron;Rendelhető;1;;;1;http://localhost/product-images/N-SZL.png,http://localhost/product-images/D-SZL.png;3x16 mm DIN 5685 natúr rövidszemű szemeslánc;0;Elérhető:Raktáron:1,Méret:3x16:2,Anyag:Acél:3,Felületkezelés:Natúr:4,Szemforma:Egyenes:5,Huzal átmérő:3:6,Belső hossz:16:7;;;;;;0;;;;;;;;;;
;1;3x16 mm DIN 5685 rövidszemű horganyzott szemeslánc;Láncok/Szemesláncok;0;1;;0;;0;;;N-SZL-0-3x16_H;;;Renold;;;;;;;;0.2;;;0.5;;;;;;m;0;"Renold gyártmányú, 3 mm huzalátmérőjű, 16 mm belső hosszúságú, egyenes szemformájú, horganyzott felületű, acél szemeslánc.<hr><div style='padding: 10px; background: #fff3f3; border: 1px solid #ffcccc; color: #d00;'><b>FIGYELEM:</b> A termék jelenleg nincs készleten, de rendelhető!</div><hr>A szállítási határidőről egyeztessen munkatársunkkal!<hr><strong>Figyelem!</strong><br>A termékkép illusztráció, a pontos műszaki tartalmat a cikkszám és a termék megnevezése tartalmazza! Kérdés, kérés esetén hívja munkatársunkat, vagy vegye fel velünk a kapcsolatot!";Renold gyártmányú, 3 mm huzalátmérőjű, 16 mm belső hosszúságú, egyenes szemformájú, horganyzott felületű, acél szemeslánc.;Horganyzott,Szemeslánc,3x16;3x16 mm DIN 5685 rövidszemű horganyzott szemeslánc;3x16,horganyzott,szemeslánc;Renold gyártmányú, 3 mm huzalátmérőjű, 16 mm belső hosszúságú, egyenes szemformájú, horganyzott felületű, acél szemeslánc;N-SZL-0-3x16_H;Raktáron;Rendelhető;1;;;0;http://localhost/product-images/N-SZL_H.png,http://localhost/product-images/D-SZL_H.png;3x16 mm DIN 5685 rövidszemű horganyzott szemeslánc;0;Szemforma:Egyenes:1,Huzal átmérő:3:2,Belső hossz:16:3,Elérhető:Árajánlattal:4,Méret:3x16:5,Anyag:Acél:6,Felületkezelés:Horganyzott:7;;;;;;2;;;;;;;;;;
;1;3,1x41 mm DIN 5686 horganyzott csomózott lánc;Láncok/Szemesláncok;0;1;;0;;0;;;N-SZL-0-3,1x41_H;;;Renold;;;;;;;;0.2;;;39.0;;;;;;m;0;"Renold gyártmányú, 3,1 mm huzalátmérőjű, 41 mm belső hosszúságú, egyenes szemformájú, horganyzott felületű, acél szemeslánc.<hr><div style='padding: 10px; background: #fff3f3; border: 1px solid #ffcccc; color: #d00;'><b>FIGYELEM:</b> A termék jelenleg nincs készleten, de rendelhető!</div><hr>A szállítási határidőről egyeztessen munkatársunkkal!<hr><strong>Figyelem!</strong><br>A termékkép illusztráció, a pontos műszaki tartalmat a cikkszám és a termék megnevezése tartalmazza! Kérdés, kérés esetén hívja munkatársunkat, vagy vegye fel velünk a kapcsolatot!";Renold gyártmányú, 3,1 mm huzalátmérőjű, 41 mm belső hosszúságú, egyenes szemformájú, horganyzott felületű, acél szemeslánc.;Horganyzott,Szemeslánc,3.1x41;3,1x41 mm DIN 5686 horganyzott csomózott lánc;3.1x41,horganyzott,szemeslánc;Renold gyártmányú, 3,1 mm huzalátmérőjű, 41 mm belső hosszúságú, egyenes szemformájú, horganyzott felületű, acél szemeslánc;N-SZL-0-3,1x41_H;Raktáron;Rendelhető;1;;;0;http://localhost/product-images/N-SZL_H_csomozott.png,http://localhost/product-images/D-SZL_H_csomozott.png;3,1x41 mm DIN 5686 horganyzott csomózott lánc;0;Méret:3.1x41:1,Anyag:Acél:2,Felületkezelés:Horganyzott:3,Szemforma:Csomózott:4,Huzal átmérő:3.1:5,Belső hossz:41:6,Elérhető:Árajánlattal:7;;;;;;2;;;;;;;;;;
;1;3,5x20 mm Genovai horganyzott szemeslánc;Láncok/Szemesláncok;0;1;;0;;0;;;N-SZL-0-3,5x20_H;;;Renold;;;;;;;;0.2;;;0.0;;;;;;m;0;"Renold gyártmányú, 3,5 mm huzalátmérőjű, 20 mm belső hosszúságú, egyenes szemformájú, horganyzott felületű, acél szemeslánc.<hr><div style='padding: 10px; background: #fff3f3; border: 1px solid #ffcccc; color: #d00;'><b>FIGYELEM:</b> A termék jelenleg nincs készleten, de rendelhető!</div><hr>A szállítási határidőről egyeztessen munkatársunkkal!<hr><strong>Figyelem!</strong><br>A termékkép illusztráció, a pontos műszaki tartalmat a cikkszám és a termék megnevezése tartalmazza! Kérdés, kérés esetén hívja munkatársunkat, vagy vegye fel velünk a kapcsolatot!";Renold gyártmányú, 3,5 mm huzalátmérőjű, 20 mm belső hosszúságú, egyenes szemformájú, horganyzott felületű, acél szemeslánc.;Horganyzott,Szemeslánc,3.5x20;3,5x20 mm Genovai horganyzott szemeslánc;3.5x20,horganyzott,szemeslánc;Renold gyártmányú, 3,5 mm huzalátmérőjű, 20 mm belső hosszúságú, egyenes szemformájú, horganyzott felületű, acél szemeslánc;N-SZL-0-3,5x20_H;Raktáron;Rendelhető;1;;;0;http://localhost/product-images/N-SZL_H.png,http://localhost/product-images/D-SZL_H.png;3,5x20 mm Genovai horganyzott szemeslánc;0;Elérhető:Árajánlattal:1,Méret:3.5x20:2,Anyag:Acél:3,Felületkezelés:Horganyzott:4,Szemforma:Egyenes:5,Huzal átmérő:3.5:6,Belső hossz:20:7;;;;;;2;;;;;;;;;;
;1;3,4x44 mm DIN 5686 horganyzott csomózott lánc;Láncok/Szemesláncok;0;1;;0;;0;;;N-SZL-0-3,4x44_H;;;Renold;;;;;;;;0.2;;;10.0;;;;;;m;0;"Renold gyártmányú, 3,4 mm huzalátmérőjű, 44 mm belső hosszúságú, egyenes szemformájú, horganyzott felületű, acél szemeslánc.<hr><div style='padding: 10px; background: #fff3f3; border: 1px solid #ffcccc; color: #d00;'><b>FIGYELEM:</b> A termék jelenleg nincs készleten, de rendelhető!</div><hr>A szállítási határidőről egyeztessen munkatársunkkal!<hr><strong>Figyelem!</strong><br>A termékkép illusztráció, a pontos műszaki tartalmat a cikkszám és a termék megnevezése tartalmazza! Kérdés, kérés esetén hívja munkatársunkat, vagy vegye fel velünk a kapcsolatot!";Renold gyártmányú, 3,4 mm huzalátmérőjű, 44 mm belső hosszúságú, egyenes szemformájú, horganyzott felületű, acél szemeslánc.;Horganyzott,Szemeslánc,3.4x44;3,4x44 mm DIN 5686 horganyzott csomózott lánc;3.4x44,horganyzott,szemeslánc;Renold gyártmányú, 3,4 mm huzalátmérőjű, 44 mm belső hosszúságú, egyenes szemformájú, horganyzott felületű, acél szemeslánc;N-SZL-0-3,4x44_H;Raktáron;Rendelhető;1;;;0;http://localhost/product-images/N-SZL_H_csomozott.png,http://localhost/product-images/D-SZL_H_csomozott.png;3,4x44 mm DIN 5686 horganyzott csomózott lánc;0;Elérhető:Árajánlattal:1,Méret:3.4x44:2,Anyag:Acél:3,Felületkezelés:Horganyzott:4,Szemforma:Csomózott:5,Huzal átmérő:3.4:6,Belső hossz:44:7;;;;;;2;;;;;;;;;;
;1;4x32 mm DIN 5685 hosszúszemű horganyzott szemeslánc;Láncok/Szemesláncok;0;1;;0;;0;;;N-SZL-0-4x32_H;;;Renold;;;;;;;;0.3;;;31.2;;;;;;m;0;"Renold gyártmányú, 4 mm huzalátmérőjű, 32 mm belső hosszúságú, egyenes szemformájú, horganyzott felületű, acél szemeslánc.<hr><div style='padding: 10px; background: #fff3f3; border: 1px solid #ffcccc; color: #d00;'><b>FIGYELEM:</b> A termék jelenleg nincs készleten, de rendelhető!</div><hr>A szállítási határidőről egyeztessen munkatársunkkal!<hr><strong>Figyelem!</strong><br>A termékkép illusztráció, a pontos műszaki tartalmat a cikkszám és a termék megnevezése tartalmazza! Kérdés, kérés esetén hívja munkatársunkat, vagy vegye fel velünk a kapcsolatot!";Renold gyártmányú, 4 mm huzalátmérőjű, 32 mm belső hosszúságú, egyenes szemformájú, horganyzott felületű, acél szemeslánc.;Horganyzott,Szemeslánc,4x32;4x32 mm DIN 5685 hosszúszemű horganyzott szemeslánc;4x32,horganyzott,szemeslánc;Renold gyártmányú, 4 mm huzalátmérőjű, 32 mm belső hosszúságú, egyenes szemformájú, horganyzott felületű, acél szemeslánc;N-SZL-0-4x32_H;Raktáron;Rendelhető;1;;;0;http://localhost/product-images/N-SZL_H.png,http://localhost/product-images/D-SZL_H.png;4x32 mm DIN 5685 hosszúszemű horganyzott szemeslánc;0;Huzal átmérő:4:1,Belső hossz:32:2,Elérhető:Árajánlattal:3,Méret:4x32:4,Anyag:Acél:5,Felületkezelés:Horganyzott:6,Szemforma:Egyenes:7;;;;;;2;;;;;;;;;;
;1;4x19 mm DIN 5685 rövidszemű horganyzott szemeslánc;Láncok/Szemesláncok;0;1;;0;;0;;;N-SZL-0-4x19_H;;;Renold;;;;;;;;0.3;;;42.6;;;;;;m;0;"Renold gyártmányú, 4 mm huzalátmérőjű, 19 mm belső hosszúságú, egyenes szemformájú, horganyzott felületű, acél szemeslánc.<hr><div style='padding: 10px; background: #fff3f3; border: 1px solid #ffcccc; color: #d00;'><b>FIGYELEM:</b> A termék jelenleg nincs készleten, de rendelhető!</div><hr>A szállítási határidőről egyeztessen munkatársunkkal!<hr><strong>Figyelem!</strong><br>A termékkép illusztráció, a pontos műszaki tartalmat a cikkszám és a termék megnevezése tartalmazza! Kérdés, kérés esetén hívja munkatársunkat, vagy vegye fel velünk a kapcsolatot!";Renold gyártmányú, 4 mm huzalátmérőjű, 19 mm belső hosszúságú, egyenes szemformájú, horganyzott felületű, acél szemeslánc.;Horganyzott,Szemeslánc,4x19;4x19 mm DIN 5685 rövidszemű horganyzott szemeslánc;4x19,horganyzott,szemeslánc;Renold gyártmányú, 4 mm huzalátmérőjű, 19 mm belső hosszúságú, egyenes szemformájú, horganyzott felületű, acél szemeslánc;N-SZL-0-4x19_H;Raktáron;Rendelhető;1;;;0;http://localhost/product-images/N-SZL_H.png,http://localhost/product-images/D-SZL_H.png;4x19 mm DIN 5685 rövidszemű horganyzott szemeslánc;0;Méret:4x19:1,Anyag:Acél:2,Felületkezelés:Horganyzott:3,Szemforma:Egyenes:4,Huzal átmérő:4:5,Belső hossz:19:6,Elérhető:Árajánlattal:7;;;;;;2;;;;;;;;;;
;1;5x18,5 mm DIN 766 kalibrált teherlánc;Láncok/Szemesláncok;0;1;;0;;0;;;N-SZL-9-5x18,5;;;Retezarna;;;;;;;;0.3;;;53.0;;;;;;m;0;"Retezarna gyártmányú, 5 mm huzalátmérőjű, 18,5 mm belső hosszúságú, egyenes szemformájú, natúr felületű, acél szemeslánc.<hr><div style='padding: 10px; background: #fff3f3; border: 1px solid #ffcccc; color: #d00;'><b>FIGYELEM:</b> A termék jelenleg nincs készleten, de rendelhető!</div><hr>A szállítási határidőről egyeztessen munkatársunkkal!<hr><strong>Figyelem!</strong><br>A termékkép illusztráció, a pontos műszaki tartalmat a cikkszám és a termék megnevezése tartalmazza! Kérdés, kérés esetén hívja munkatársunkat, vagy vegye fel velünk a kapcsolatot!";Retezarna gyártmányú, 5 mm huzalátmérőjű, 18,5 mm belső hosszúságú, egyenes szemformájú, natúr felületű, acél szemeslánc.;Szemeslánc,5x18.5;5x18,5 mm DIN 766 kalibrált teherlánc;5x18.5,szemeslánc;Retezarna gyártmányú, 5 mm huzalátmérőjű, 18,5 mm belső hosszúságú, egyenes szemformájú, natúr felületű, acél szemeslánc;N-SZL-9-5x18,5;Raktáron;Rendelhető;1;;;0;http://localhost/product-images/N-SZL.png,http://localhost/product-images/D-SZL.png;5x18,5 mm DIN 766 kalibrált teherlánc;0;Szemforma:Egyenes:1,Huzal átmérő:5:2,Belső hossz:18.5:3,Elérhető:Árajánlattal:4,Méret:5x18.5:5,Anyag:Acél:6,Felületkezelés:Natúr:7;;;;;;2;;;;;;;;;;
;1;4,4x22 mm Genovai horganyzott szemeslánc;Láncok/Szemesláncok;0;1;;0;;0;;;N-SZL-0-4,4x22_H;;;Renold;;;;;;;;0.4;;;0.0;;;;;;m;0;"Renold gyártmányú, 4,4 mm huzalátmérőjű, 22 mm belső hosszúságú, egyenes szemformájú, horganyzott felületű, acél szemeslánc.<hr><div style='padding: 10px; background: #fff3f3; border: 1px solid #ffcccc; color: #d00;'><b>FIGYELEM:</b> A termék jelenleg nincs készleten, de rendelhető!</div><hr>A szállítási határidőről egyeztessen munkatársunkkal!<hr><strong>Figyelem!</strong><br>A termékkép illusztráció, a pontos műszaki tartalmat a cikkszám és a termék megnevezése tartalmazza! Kérdés, kérés esetén hívja munkatársunkat, vagy vegye fel velünk a kapcsolatot!";Renold gyártmányú, 4,4 mm huzalátmérőjű, 22 mm belső hosszúságú, egyenes szemformájú, horganyzott felületű, acél szemeslánc.;Horganyzott,Szemeslánc,4.4x22;4,4x22 mm Genovai horganyzott szemeslánc;4.4x22,horganyzott,szemeslánc;Renold gyártmányú, 4,4 mm huzalátmérőjű, 22 mm belső hosszúságú, egyenes szemformájú, horganyzott felületű, acél szemeslánc;N-SZL-0-4,4x22_H;Raktáron;Rendelhető;1;;;0;http://localhost/product-images/N-SZL_H.png,http://localhost/product-images/D-SZL_H.png;4,4x22 mm Genovai horganyzott szemeslánc;0;Szemforma:Egyenes:1,Huzal átmérő:4.4:2,Belső hossz:22:3,Elérhető:Árajánlattal:4,Méret:4.4x22:5,Anyag:Acél:6,Felületkezelés:Horganyzott:7;;;;;;2;;;;;;;;;;
;1;5x35 mm DIN 5685 hosszúszemű horganyzott szemeslánc;Láncok/Szemesláncok;0;1;;0;;0;;;N-SZL-0-5x35_H;;;Renold;;;;;;;;0.4;;;34.0;;;;;;m;0;"Renold gyártmányú, 5 mm huzalátmérőjű, 35 mm belső hosszúságú, egyenes szemformájú, horganyzott felületű, acél szemeslánc.<hr><div style='padding: 10px; background: #fff3f3; border: 1px solid #ffcccc; color: #d00;'><b>FIGYELEM:</b> A termék jelenleg nincs készleten, de rendelhető!</div><hr>A szállítási határidőről egyeztessen munkatársunkkal!<hr><strong>Figyelem!</strong><br>A termékkép illusztráció, a pontos műszaki tartalmat a cikkszám és a termék megnevezése tartalmazza! Kérdés, kérés esetén hívja munkatársunkat, vagy vegye fel velünk a kapcsolatot!";Renold gyártmányú, 5 mm huzalátmérőjű, 35 mm belső hosszúságú, egyenes szemformájú, horganyzott felületű, acél szemeslánc.;Horganyzott,Szemeslánc,5x35;5x35 mm DIN 5685 hosszúszemű horganyzott szemeslánc;5x35,horganyzott,szemeslánc;Renold gyártmányú, 5 mm huzalátmérőjű, 35 mm belső hosszúságú, egyenes szemformájú, horganyzott felületű, acél szemeslánc;N-SZL-0-5x35_H;Raktáron;Rendelhető;1;;;0;http://localhost/product-images/N-SZL_H.png,http://localhost/product-images/D-SZL_H.png;5x35 mm DIN 5685 hosszúszemű horganyzott szemeslánc;0;Szemforma:Egyenes:1,Huzal átmérő:5:2,Belső hossz:35:3,Elérhető:Árajánlattal:4,Méret:5x35:5,Anyag:Acél:6,Felületkezelés:Horganyzott:7;;;;;;2;;;;;;;;;;
;1;5x35 mm DIN 5685 C hosszúszemű natúr szemeslánc;Láncok/Szemesláncok;0;1;;0;;0;;;N-SZL-0-5x35;;;Renold;;;;;;;;0.4;;;0.0;;;;;;m;0;"Renold gyártmányú, 5 mm huzalátmérőjű, 35 mm belső hosszúságú, egyenes szemformájú, natúr felületű, acél szemeslánc.<hr><div style='padding: 10px; background: #fff3f3; border: 1px solid #ffcccc; color: #d00;'><b>FIGYELEM:</b> A termék jelenleg nincs készleten, de rendelhető!</div><hr>A szállítási határidőről egyeztessen munkatársunkkal!<hr><strong>Figyelem!</strong><br>A termékkép illusztráció, a pontos műszaki tartalmat a cikkszám és a termék megnevezése tartalmazza! Kérdés, kérés esetén hívja munkatársunkat, vagy vegye fel velünk a kapcsolatot!";Renold gyártmányú, 5 mm huzalátmérőjű, 35 mm belső hosszúságú, egyenes szemformájú, natúr felületű, acél szemeslánc.;Szemeslánc,5x35;5x35 mm DIN 5685 C hosszúszemű natúr szemeslánc;5x35,szemeslánc;Renold gyártmányú, 5 mm huzalátmérőjű, 35 mm belső hosszúságú, egyenes szemformájú, natúr felületű, acél szemeslánc;N-SZL-0-5x35;Raktáron;Rendelhető;1;;;0;http://localhost/product-images/N-SZL.png,http://localhost/product-images/D-SZL.png;5x35 mm DIN 5685 C hosszúszemű natúr szemeslánc;0;Szemforma:Egyenes:1,Huzal átmérő:5:2,Belső hossz:35:3,Elérhető:Árajánlattal:4,Méret:5x35:5,Anyag:Acél:6,Felületkezelés:Natúr:7;;;;;;2;;;;;;;;;;
;1;5x21 mm DIN 5685 rövidszemű horganyzott szemeslánc;Láncok/Szemesláncok;3117;1;;0;;0;;;N-SZL-0-5x21_H;;;Renold;;;;;;;;0.5;;;0.0;;;;;;m;3117;"Renold gyártmányú, 5 mm huzalátmérőjű, 21 mm belső hosszúságú, egyenes szemformájú, horganyzott felületű, acél szemeslánc.<hr><div style='padding: 10px; background: #fff3f3; border: 1px solid #ffcccc; color: #d00;'><b>FIGYELEM:</b> A termék jelenleg nincs készleten, de rendelhető!</div><hr>A szállítási határidőről egyeztessen munkatársunkkal!<hr><strong>Figyelem!</strong><br>A termékkép illusztráció, a pontos műszaki tartalmat a cikkszám és a termék megnevezése tartalmazza! Kérdés, kérés esetén hívja munkatársunkat, vagy vegye fel velünk a kapcsolatot!";Renold gyártmányú, 5 mm huzalátmérőjű, 21 mm belső hosszúságú, egyenes szemformájú, horganyzott felületű, acél szemeslánc.;Horganyzott,Szemeslánc,5x21;5x21 mm DIN 5685 rövidszemű horganyzott szemeslánc;5x21,horganyzott,szemeslánc;Renold gyártmányú, 5 mm huzalátmérőjű, 21 mm belső hosszúságú, egyenes szemformájú, horganyzott felületű, acél szemeslánc;N-SZL-0-5x21_H;Raktáron;Rendelhető;0;;;1;http://localhost/product-images/N-SZL_H.png,http://localhost/product-images/D-SZL_H.png;5x21 mm DIN 5685 rövidszemű horganyzott szemeslánc;0;Belső hossz:21:1,Elérhető:Rendelésre:2,Méret:5x21:3,Anyag:Acél:4,Felületkezelés:Horganyzott:5,Szemforma:Egyenes:6,Huzal átmérő:5:7;;;;;;2;;;;;;;;;;
;1;6x42 mm DIN 5685 hosszúszemű horganyzott szemeslánc;Láncok/Szemesláncok;0;1;;0;;0;;;N-SZL-0-6x42_H;;;Renold;;;;;;;;0.6;;;4.0;;;;;;m;0;"Renold gyártmányú, 6 mm huzalátmérőjű, 42 mm belső hosszúságú, egyenes szemformájú, horganyzott felületű, acél szemeslánc.<hr><div style='padding: 10px; background: #fff3f3; border: 1px solid #ffcccc; color: #d00;'><b>FIGYELEM:</b> A termék jelenleg nincs készleten, de rendelhető!</div><hr>A szállítási határidőről egyeztessen munkatársunkkal!<hr><strong>Figyelem!</strong><br>A termékkép illusztráció, a pontos műszaki tartalmat a cikkszám és a termék megnevezése tartalmazza! Kérdés, kérés esetén hívja munkatársunkat, vagy vegye fel velünk a kapcsolatot!";Renold gyártmányú, 6 mm huzalátmérőjű, 42 mm belső hosszúságú, egyenes szemformájú, horganyzott felületű, acél szemeslánc.;Horganyzott,Szemeslánc,6x42;6x42 mm DIN 5685 hosszúszemű horganyzott szemeslánc;6x42,horganyzott,szemeslánc;Renold gyártmányú, 6 mm huzalátmérőjű, 42 mm belső hosszúságú, egyenes szemformájú, horganyzott felületű, acél szemeslánc;N-SZL-0-6x42_H;Raktáron;Rendelhető;1;;;0;http://localhost/product-images/N-SZL_H.png,http://localhost/product-images/D-SZL_H.png;6x42 mm DIN 5685 hosszúszemű horganyzott szemeslánc;0;Szemforma:Egyenes:1,Huzal átmérő:6:2,Belső hossz:42:3,Elérhető:Árajánlattal:4,Méret:6x42:5,Anyag:Acél:6,Felületkezelés:Horganyzott:7;;;;;;2;;;;;;;;;;
;1;6x18,5 mm DIN 766 kalibrált teherlánc;Láncok/Szemesláncok;648;1;;0;;0;;;N-SZL-9-6x18,5;;;Retezarna;;;;;;;;0.8;;;0.0;;;;;;m;648;"Retezarna gyártmányú, 6 mm huzalátmérőjű, 18,5 mm belső hosszúságú, egyenes szemformájú, natúr felületű, acél szemeslánc.<hr><div style='padding: 10px; background: #fff3f3; border: 1px solid #ffcccc; color: #d00;'><b>FIGYELEM:</b> A termék jelenleg nincs készleten, de rendelhető!</div><hr>A szállítási határidőről egyeztessen munkatársunkkal!<hr><strong>Figyelem!</strong><br>A termékkép illusztráció, a pontos műszaki tartalmat a cikkszám és a termék megnevezése tartalmazza! Kérdés, kérés esetén hívja munkatársunkat, vagy vegye fel velünk a kapcsolatot!";Retezarna gyártmányú, 6 mm huzalátmérőjű, 18,5 mm belső hosszúságú, egyenes szemformájú, natúr felületű, acél szemeslánc.;Szemeslánc,6x18.5;6x18,5 mm DIN 766 kalibrált teherlánc;6x18.5,szemeslánc;Retezarna gyártmányú, 6 mm huzalátmérőjű, 18,5 mm belső hosszúságú, egyenes szemformájú, natúr felületű, acél szemeslánc;N-SZL-9-6x18,5;Raktáron;Rendelhető;0;;;1;http://localhost/product-images/N-SZL.png,http://localhost/product-images/D-SZL.png;6x18,5 mm DIN 766 kalibrált teherlánc;0;Anyag:Acél:1,Felületkezelés:Natúr:2,Szemforma:Egyenes:3,Huzal átmérő:6:4,Belső hossz:18.5:5,Elérhető:Rendelésre:6,Méret:6x18.5:7;;;;;;2;;;;;;;;;;
;1;6x18,5 mm DIN 766 kalibrált teherlánc;Láncok/Szemesláncok;648;1;;0;;0;;;N-SZL-0-6x18,5;;;Renold;;;;;;;;0.8;;;0.0;;;;;;m;648;"Renold gyártmányú, 6 mm huzalátmérőjű, 18,5 mm belső hosszúságú, egyenes szemformájú, natúr felületű, acél szemeslánc.<hr><div style='padding: 10px; background: #fff3f3; border: 1px solid #ffcccc; color: #d00;'><b>FIGYELEM:</b> A termék jelenleg nincs készleten, de rendelhető!</div><hr>A szállítási határidőről egyeztessen munkatársunkkal!<hr><strong>Figyelem!</strong><br>A termékkép illusztráció, a pontos műszaki tartalmat a cikkszám és a termék megnevezése tartalmazza! Kérdés, kérés esetén hívja munkatársunkat, vagy vegye fel velünk a kapcsolatot!";Renold gyártmányú, 6 mm huzalátmérőjű, 18,5 mm belső hosszúságú, egyenes szemformájú, natúr felületű, acél szemeslánc.;Szemeslánc,6x18.5;6x18,5 mm DIN 766 kalibrált teherlánc;6x18.5,szemeslánc;Renold gyártmányú, 6 mm huzalátmérőjű, 18,5 mm belső hosszúságú, egyenes szemformájú, natúr felületű, acél szemeslánc;N-SZL-0-6x18,5;Raktáron;Rendelhető;0;;;1;http://localhost/product-images/N-SZL.png,http://localhost/product-images/D-SZL.png;6x18,5 mm DIN 766 kalibrált teherlánc;0;Felületkezelés:Natúr:1,Szemforma:Egyenes:2,Huzal átmérő:6:3,Belső hossz:18.5:4,Elérhető:Rendelésre:5,Méret:6x18.5:6,Anyag:Acél:7;;;;;;2;;;;;;;;;;
;1;6x18,5 mm DIN 766 horganyzott teherlánc;Láncok/Szemesláncok;0;1;;0;;0;;;N-SZL-0-6x18,5_H;;;Renold;;;;;;;;0.8;;;0.0;;;;;;m;0;"Renold gyártmányú, 6 mm huzalátmérőjű, 18,5 mm belső hosszúságú, egyenes szemformájú, horganyzott felületű, acél szemeslánc.<hr><div style='padding: 10px; background: #fff3f3; border: 1px solid #ffcccc; color: #d00;'><b>FIGYELEM:</b> A termék jelenleg nincs készleten, de rendelhető!</div><hr>A szállítási határidőről egyeztessen munkatársunkkal!<hr><strong>Figyelem!</strong><br>A termékkép illusztráció, a pontos műszaki tartalmat a cikkszám és a termék megnevezése tartalmazza! Kérdés, kérés esetén hívja munkatársunkat, vagy vegye fel velünk a kapcsolatot!";Renold gyártmányú, 6 mm huzalátmérőjű, 18,5 mm belső hosszúságú, egyenes szemformájú, horganyzott felületű, acél szemeslánc.;Horganyzott,Szemeslánc,6x18.5;6x18,5 mm DIN 766 horganyzott teherlánc;6x18.5,horganyzott,szemeslánc;Renold gyártmányú, 6 mm huzalátmérőjű, 18,5 mm belső hosszúságú, egyenes szemformájú, horganyzott felületű, acél szemeslánc;N-SZL-0-6x18,5_H;Raktáron;Rendelhető;1;;;0;http://localhost/product-images/N-SZL_H.png,http://localhost/product-images/D-SZL_H.png;6x18,5 mm DIN 766 horganyzott teherlánc;0;Felületkezelés:Horganyzott:1,Szemforma:Egyenes:2,Huzal átmérő:6:3,Belső hossz:18.5:4,Elérhető:Árajánlattal:5,Méret:6x18.5:6,Anyag:Acél:7;;;;;;2;;;;;;;;;;
;1;8x52 mm DIN 5685 hosszúszemű horganyzott szemeslánc;Láncok/Szemesláncok;0;1;;0;;0;;;N-SZL-0-8x52_H;;;Renold;;;;;;;;1.1;;;20.2;;;;;;m;0;"Renold gyártmányú, 8 mm huzalátmérőjű, 52 mm belső hosszúságú, egyenes szemformájú, horganyzott felületű, acél szemeslánc.<hr><div style='padding: 10px; background: #fff3f3; border: 1px solid #ffcccc; color: #d00;'><b>FIGYELEM:</b> A termék jelenleg nincs készleten, de rendelhető!</div><hr>A szállítási határidőről egyeztessen munkatársunkkal!<hr><strong>Figyelem!</strong><br>A termékkép illusztráció, a pontos műszaki tartalmat a cikkszám és a termék megnevezése tartalmazza! Kérdés, kérés esetén hívja munkatársunkat, vagy vegye fel velünk a kapcsolatot!";Renold gyártmányú, 8 mm huzalátmérőjű, 52 mm belső hosszúságú, egyenes szemformájú, horganyzott felületű, acél szemeslánc.;Horganyzott,Szemeslánc,8x52;8x52 mm DIN 5685 hosszúszemű horganyzott szemeslánc;8x52,horganyzott,szemeslánc;Renold gyártmányú, 8 mm huzalátmérőjű, 52 mm belső hosszúságú, egyenes szemformájú, horganyzott felületű, acél szemeslánc;N-SZL-0-8x52_H;Raktáron;Rendelhető;1;;;0;http://localhost/product-images/N-SZL_H.png,http://localhost/product-images/D-SZL_H.png;8x52 mm DIN 5685 hosszúszemű horganyzott szemeslánc;0;Huzal átmérő:8:1,Belső hossz:52:2,Elérhető:Árajánlattal:3,Méret:8x52:4,Anyag:Acél:5,Felületkezelés:Horganyzott:6,Szemforma:Egyenes:7;;;;;;2;;;;;;;;;;
;1;8x52 mm DIN 763 natúr teherlánc;Láncok/Szemesláncok;2172;1;;0;;0;;;N-SZL-0-8x52;;;Renold;;;;;;;;1.1;;;0.0;;;;;;m;2172;"Renold gyártmányú, 8 mm huzalátmérőjű, 52 mm belső hosszúságú, egyenes szemformájú, natúr felületű, acél szemeslánc.<hr><div style='padding: 10px; background: #fff3f3; border: 1px solid #ffcccc; color: #d00;'><b>FIGYELEM:</b> A termék jelenleg nincs készleten, de rendelhető!</div><hr>A szállítási határidőről egyeztessen munkatársunkkal!<hr><strong>Figyelem!</strong><br>A termékkép illusztráció, a pontos műszaki tartalmat a cikkszám és a termék megnevezése tartalmazza! Kérdés, kérés esetén hívja munkatársunkat, vagy vegye fel velünk a kapcsolatot!";Renold gyártmányú, 8 mm huzalátmérőjű, 52 mm belső hosszúságú, egyenes szemformájú, natúr felületű, acél szemeslánc.;Szemeslánc,8x52;8x52 mm DIN 763 natúr teherlánc;8x52,szemeslánc;Renold gyártmányú, 8 mm huzalátmérőjű, 52 mm belső hosszúságú, egyenes szemformájú, natúr felületű, acél szemeslánc;N-SZL-0-8x52;Raktáron;Rendelhető;0;;;1;http://localhost/product-images/N-SZL.png,http://localhost/product-images/D-SZL.png;8x52 mm DIN 763 natúr teherlánc;0;Anyag:Acél:1,Felületkezelés:Natúr:2,Szemforma:Egyenes:3,Huzal átmérő:8:4,Belső hossz:52:5,Elérhető:Rendelésre:6,Méret:8x52:7;;;;;;2;;;;;;;;;;
;1;8x31 mm DIN 32895 teherlánc;Láncok/Szemesláncok;1744;1;;0;;0;;;N-SZL-9-8x31;;;Retezarna;;;;;;;;1.3;;;0.0;;;;;;m;1744;"Retezarna gyártmányú, 8 mm huzalátmérőjű, 31 mm belső hosszúságú, egyenes szemformájú, natúr felületű, acél szemeslánc.<hr><div style='padding: 10px; background: #fff3f3; border: 1px solid #ffcccc; color: #d00;'><b>FIGYELEM:</b> A termék jelenleg nincs készleten, de rendelhető!</div><hr>A szállítási határidőről egyeztessen munkatársunkkal!<hr><strong>Figyelem!</strong><br>A termékkép illusztráció, a pontos műszaki tartalmat a cikkszám és a termék megnevezése tartalmazza! Kérdés, kérés esetén hívja munkatársunkat, vagy vegye fel velünk a kapcsolatot!";Retezarna gyártmányú, 8 mm huzalátmérőjű, 31 mm belső hosszúságú, egyenes szemformájú, natúr felületű, acél szemeslánc.;Szemeslánc,8x31;8x31 mm DIN 32895 teherlánc;8x31,szemeslánc;Retezarna gyártmányú, 8 mm huzalátmérőjű, 31 mm belső hosszúságú, egyenes szemformájú, natúr felületű, acél szemeslánc;N-SZL-9-8x31;Raktáron;Rendelhető;0;;;1;http://localhost/product-images/N-SZL.png,http://localhost/product-images/D-SZL.png;8x31 mm DIN 32895 teherlánc;0;Anyag:Acél:1,Felületkezelés:Natúr:2,Szemforma:Egyenes:3,Huzal átmérő:8:4,Belső hossz:31:5,Elérhető:Rendelésre:6,Méret:8x31:7;;;;;;2;;;;;;;;;;
;1;8x31 mm DIN 32895 teherlánc;Láncok/Szemesláncok;0;1;;0;;0;;;N-SZL-11-8x31;;;Távol-keleti;;;;;;;;1.3;;;238.0;;;;;;m;0;"Távol-keleti gyártmányú, 8 mm huzalátmérőjű, 31 mm belső hosszúságú, egyenes szemformájú, natúr felületű, acél szemeslánc.<hr><div style='padding: 10px; background: #fff3f3; border: 1px solid #ffcccc; color: #d00;'><b>FIGYELEM:</b> A termék jelenleg nincs készleten, de rendelhető!</div><hr>A szállítási határidőről egyeztessen munkatársunkkal!<hr><strong>Figyelem!</strong><br>A termékkép illusztráció, a pontos műszaki tartalmat a cikkszám és a termék megnevezése tartalmazza! Kérdés, kérés esetén hívja munkatársunkat, vagy vegye fel velünk a kapcsolatot!";Távol-keleti gyártmányú, 8 mm huzalátmérőjű, 31 mm belső hosszúságú, egyenes szemformájú, natúr felületű, acél szemeslánc.;Szemeslánc,8x31;8x31 mm DIN 32895 teherlánc;8x31,szemeslánc;Távol-keleti gyártmányú, 8 mm huzalátmérőjű, 31 mm belső hosszúságú, egyenes szemformájú, natúr felületű, acél szemeslánc;N-SZL-11-8x31;Raktáron;Rendelhető;1;;;0;http://localhost/product-images/N-SZL.png,http://localhost/product-images/D-SZL.png;8x31 mm DIN 32895 teherlánc;0;Huzal átmérő:8:1,Belső hossz:31:2,Elérhető:Árajánlattal:3,Méret:8x31:4,Anyag:Acél:5,Felületkezelés:Natúr:6,Szemforma:Egyenes:7;;;;;;2;;;;;;;;;;
;1;8x24 mm DIN 766 kalibrált teherlánc;Láncok/Szemesláncok;1787;1;;0;;0;;;N-SZL-9-8x24;;;Retezarna;;;;;;;;1.4;;;0.9;;;;;;m;1787;Retezarna gyártmányú, 8 mm huzalátmérőjű, 24 mm belső hosszúságú, egyenes szemformájú, natúr felületű, acél szemeslánc.<hr>Készleten: 0.9 m<hr>Súly: 1.4 kg.<hr>Szállítási idő: 1-2 nap.<hr><strong>Figyelem!</strong><br>A termékkép illusztráció, a pontos műszaki tartalmat a cikkszám és a termék megnevezése tartalmazza! Kérdés, kérés esetén hívja munkatársunkat, vagy vegye fel velünk a kapcsolatot!;Retezarna gyártmányú, 8 mm huzalátmérőjű, 24 mm belső hosszúságú, egyenes szemformájú, natúr felületű, acél szemeslánc.;Szemeslánc,8x24;8x24 mm DIN 766 kalibrált teherlánc;8x24,szemeslánc;Retezarna gyártmányú, 8 mm huzalátmérőjű, 24 mm belső hosszúságú, egyenes szemformájú, natúr felületű, acél szemeslánc;N-SZL-9-8x24;Raktáron;Rendelhető;1;;;1;http://localhost/product-images/N-SZL.png,http://localhost/product-images/D-SZL.png;8x24 mm DIN 766 kalibrált teherlánc;0;Felületkezelés:Natúr:1,Szemforma:Egyenes:2,Huzal átmérő:8:3,Belső hossz:24:4,Elérhető:Raktáron:5,Méret:8x24:6,Anyag:Acél:7;;;;;;0;;;;;;;;;;
;1;8x24 mm DIN 766 kalibrált teherlánc;Láncok/Szemesláncok;0;1;;0;;0;;;N-SZL-11-8x24;;;Távol-keleti;;;;;;;;1.4;;;300.0;;;;;;m;0;"Távol-keleti gyártmányú, 8 mm huzalátmérőjű, 24 mm belső hosszúságú, egyenes szemformájú, natúr felületű, acél szemeslánc.<hr><div style='padding: 10px; background: #fff3f3; border: 1px solid #ffcccc; color: #d00;'><b>FIGYELEM:</b> A termék jelenleg nincs készleten, de rendelhető!</div><hr>A szállítási határidőről egyeztessen munkatársunkkal!<hr><strong>Figyelem!</strong><br>A termékkép illusztráció, a pontos műszaki tartalmat a cikkszám és a termék megnevezése tartalmazza! Kérdés, kérés esetén hívja munkatársunkat, vagy vegye fel velünk a kapcsolatot!";Távol-keleti gyártmányú, 8 mm huzalátmérőjű, 24 mm belső hosszúságú, egyenes szemformájú, natúr felületű, acél szemeslánc.;Szemeslánc,8x24;8x24 mm DIN 766 kalibrált teherlánc;8x24,szemeslánc;Távol-keleti gyártmányú, 8 mm huzalátmérőjű, 24 mm belső hosszúságú, egyenes szemformájú, natúr felületű, acél szemeslánc;N-SZL-11-8x24;Raktáron;Rendelhető;1;;;0;http://localhost/product-images/N-SZL.png,http://localhost/product-images/D-SZL.png;8x24 mm DIN 766 kalibrált teherlánc;0;Huzal átmérő:8:1,Belső hossz:24:2,Elérhető:Árajánlattal:3,Méret:8x24:4,Anyag:Acél:5,Felületkezelés:Natúr:6,Szemforma:Egyenes:7;;;;;;2;;;;;;;;;;
;1;5x26 mm DIN 5685 horganyzott kézilánc;Láncok/Szemesláncok;0;1;;0;;0;;;N-SZL-0-5x26_H;;;Renold;;;;;;;;1.5;;;0.0;;;;;;m;0;"Renold gyártmányú, 5 mm huzalátmérőjű, 26 mm belső hosszúságú, egyenes szemformájú, horganyzott felületű, acél szemeslánc.<hr><div style='padding: 10px; background: #fff3f3; border: 1px solid #ffcccc; color: #d00;'><b>FIGYELEM:</b> A termék jelenleg nincs készleten, de rendelhető!</div><hr>A szállítási határidőről egyeztessen munkatársunkkal!<hr><strong>Figyelem!</strong><br>A termékkép illusztráció, a pontos műszaki tartalmat a cikkszám és a termék megnevezése tartalmazza! Kérdés, kérés esetén hívja munkatársunkat, vagy vegye fel velünk a kapcsolatot!";Renold gyártmányú, 5 mm huzalátmérőjű, 26 mm belső hosszúságú, egyenes szemformájú, horganyzott felületű, acél szemeslánc.;Horganyzott,Szemeslánc,5x26;5x26 mm DIN 5685 horganyzott kézilánc;5x26,horganyzott,szemeslánc;Renold gyártmányú, 5 mm huzalátmérőjű, 26 mm belső hosszúságú, egyenes szemformájú, horganyzott felületű, acél szemeslánc;N-SZL-0-5x26_H;Raktáron;Rendelhető;1;;;0;http://localhost/product-images/N-SZL_H.png,http://localhost/product-images/D-SZL_H.png;5x26 mm DIN 5685 horganyzott kézilánc;0;Méret:5x26:1,Anyag:Acél:2,Felületkezelés:Horganyzott:3,Szemforma:Egyenes:4,Huzal átmérő:5:5,Belső hossz:26:6,Elérhető:Árajánlattal:7;;;;;;2;;;;;;;;;;
;1;10x65 mm GK 4 teherlánc;Láncok/Szemesláncok;1321;1;;0;;0;;;N-SZL-9-10x65;;;Retezarna;;;;;;;;1.8;;;0.0;;;;;;m;1321;"Retezarna gyártmányú, 10 mm huzalátmérőjű, 65 mm belső hosszúságú, egyenes szemformájú, natúr felületű, acél szemeslánc.<hr><div style='padding: 10px; background: #fff3f3; border: 1px solid #ffcccc; color: #d00;'><b>FIGYELEM:</b> A termék jelenleg nincs készleten, de rendelhető!</div><hr>A szállítási határidőről egyeztessen munkatársunkkal!<hr><strong>Figyelem!</strong><br>A termékkép illusztráció, a pontos műszaki tartalmat a cikkszám és a termék megnevezése tartalmazza! Kérdés, kérés esetén hívja munkatársunkat, vagy vegye fel velünk a kapcsolatot!";Retezarna gyártmányú, 10 mm huzalátmérőjű, 65 mm belső hosszúságú, egyenes szemformájú, natúr felületű, acél szemeslánc.;Szemeslánc,10x65;10x65 mm GK 4 teherlánc;10x65,szemeslánc;Retezarna gyártmányú, 10 mm huzalátmérőjű, 65 mm belső hosszúságú, egyenes szemformájú, natúr felületű, acél szemeslánc;N-SZL-9-10x65;Raktáron;Rendelhető;0;;;1;http://localhost/product-images/N-SZL.png,http://localhost/product-images/D-SZL.png;10x65 mm GK 4 teherlánc;0;Szemforma:Egyenes:1,Huzal átmérő:10:2,Belső hossz:65:3,Elérhető:Rendelésre:4,Méret:10x65:5,Anyag:Acél:6,Felületkezelés:Natúr:7;;;;;;2;;;;;;;;;;
;1;9x27 mm DIN 766 kalibrált teherlánc;Láncok/Szemesláncok;2522;1;;0;;0;;;N-SZL-9-9x27;;;Retezarna;;;;;;;;1.8;;;56.0;;;;;;m;2522;Retezarna gyártmányú, 9 mm huzalátmérőjű, 27 mm belső hosszúságú, egyenes szemformájú, natúr felületű, acél szemeslánc.<hr>Készleten: 56 m<hr>Súly: 1.8 kg.<hr>Szállítási idő: 1-2 nap.<hr><strong>Figyelem!</strong><br>A termékkép illusztráció, a pontos műszaki tartalmat a cikkszám és a termék megnevezése tartalmazza! Kérdés, kérés esetén hívja munkatársunkat, vagy vegye fel velünk a kapcsolatot!;Retezarna gyártmányú, 9 mm huzalátmérőjű, 27 mm belső hosszúságú, egyenes szemformájú, natúr felületű, acél szemeslánc.;Szemeslánc,9x27;9x27 mm DIN 766 kalibrált teherlánc;9x27,szemeslánc;Retezarna gyártmányú, 9 mm huzalátmérőjű, 27 mm belső hosszúságú, egyenes szemformájú, natúr felületű, acél szemeslánc;N-SZL-9-9x27;Raktáron;Rendelhető;1;;;1;http://localhost/product-images/N-SZL.png,http://localhost/product-images/D-SZL.png;9x27 mm DIN 766 kalibrált teherlánc;0;Felületkezelés:Natúr:1,Szemforma:Egyenes:2,Huzal átmérő:9:3,Belső hossz:27:4,Elérhető:Raktáron:5,Méret:9x27:6,Anyag:Acél:7;;;;;;0;;;;;;;;;;
;1;10x40 mm DIN 5685 rövidszemű horganyzott szemeslánc;Láncok/Szemesláncok;3117;1;;0;;0;;;N-SZL-9-10x40_H;;;Retezarna;;;;;;;;1.9;;;0.0;;;;;;m;3117;"Retezarna gyártmányú, 10 mm huzalátmérőjű, 40 mm belső hosszúságú, egyenes szemformájú, horganyzott felületű, acél szemeslánc.<hr><div style='padding: 10px; background: #fff3f3; border: 1px solid #ffcccc; color: #d00;'><b>FIGYELEM:</b> A termék jelenleg nincs készleten, de rendelhető!</div><hr>A szállítási határidőről egyeztessen munkatársunkkal!<hr><strong>Figyelem!</strong><br>A termékkép illusztráció, a pontos műszaki tartalmat a cikkszám és a termék megnevezése tartalmazza! Kérdés, kérés esetén hívja munkatársunkat, vagy vegye fel velünk a kapcsolatot!";Retezarna gyártmányú, 10 mm huzalátmérőjű, 40 mm belső hosszúságú, egyenes szemformájú, horganyzott felületű, acél szemeslánc.;Horganyzott,Szemeslánc,10x40;10x40 mm DIN 5685 rövidszemű horganyzott szemeslánc;10x40,horganyzott,szemeslánc;Retezarna gyártmányú, 10 mm huzalátmérőjű, 40 mm belső hosszúságú, egyenes szemformájú, horganyzott felületű, acél szemeslánc;N-SZL-9-10x40_H;Raktáron;Rendelhető;0;;;1;http://localhost/product-images/N-SZL_H.png,http://localhost/product-images/D-SZL_H.png;10x40 mm DIN 5685 rövidszemű horganyzott szemeslánc;0;Elérhető:Rendelésre:1,Méret:10x40:2,Anyag:Acél:3,Felületkezelés:Horganyzott:4,Szemforma:Egyenes:5,Huzal átmérő:10:6,Belső hossz:40:7;;;;;;2;;;;;;;;;;
;1;10x31 mm DIN 32895 natúr teherlánc;Láncok/Szemesláncok;0;1;;0;;0;;;N-SZL-0-10x31;;;Renold;;;;;;;;2.2;;;0.0;;;;;;m;0;"Renold gyártmányú, 10 mm huzalátmérőjű, 31 mm belső hosszúságú, egyenes szemformájú, natúr felületű, acél szemeslánc.<hr><div style='padding: 10px; background: #fff3f3; border: 1px solid #ffcccc; color: #d00;'><b>FIGYELEM:</b> A termék jelenleg nincs készleten, de rendelhető!</div><hr>A szállítási határidőről egyeztessen munkatársunkkal!<hr><strong>Figyelem!</strong><br>A termékkép illusztráció, a pontos műszaki tartalmat a cikkszám és a termék megnevezése tartalmazza! Kérdés, kérés esetén hívja munkatársunkat, vagy vegye fel velünk a kapcsolatot!";Renold gyártmányú, 10 mm huzalátmérőjű, 31 mm belső hosszúságú, egyenes szemformájú, natúr felületű, acél szemeslánc.;Szemeslánc,10x31;10x31 mm DIN 32895 natúr teherlánc;10x31,szemeslánc;Renold gyártmányú, 10 mm huzalátmérőjű, 31 mm belső hosszúságú, egyenes szemformájú, natúr felületű, acél szemeslánc;N-SZL-0-10x31;Raktáron;Rendelhető;1;;;0;http://localhost/product-images/N-SZL.png,http://localhost/product-images/D-SZL.png;10x31 mm DIN 32895 natúr teherlánc;0;Méret:10x31:1,Anyag:Acél:2,Felületkezelés:Natúr:3,Szemforma:Egyenes:4,Huzal átmérő:10:5,Belső hossz:31:6,Elérhető:Árajánlattal:7;;;;;;2;;;;;;;;;;
;1;10x28 mm DIN 766 kalibrált teherlánc;Láncok/Szemesláncok;2906;1;;0;;0;;;N-SZL-9-10x28;;;Retezarna;;;;;;;;2.2;;;138.0;;;;;;m;2906;Retezarna gyártmányú, 10 mm huzalátmérőjű, 28 mm belső hosszúságú, egyenes szemformájú, natúr felületű, acél szemeslánc.<hr>Készleten: 138 m<hr>Súly: 2.2 kg.<hr>Szállítási idő: 1-2 nap.<hr><strong>Figyelem!</strong><br>A termékkép illusztráció, a pontos műszaki tartalmat a cikkszám és a termék megnevezése tartalmazza! Kérdés, kérés esetén hívja munkatársunkat, vagy vegye fel velünk a kapcsolatot!;Retezarna gyártmányú, 10 mm huzalátmérőjű, 28 mm belső hosszúságú, egyenes szemformájú, natúr felületű, acél szemeslánc.;Szemeslánc,10x28;10x28 mm DIN 766 kalibrált teherlánc;10x28,szemeslánc;Retezarna gyártmányú, 10 mm huzalátmérőjű, 28 mm belső hosszúságú, egyenes szemformájú, natúr felületű, acél szemeslánc;N-SZL-9-10x28;Raktáron;Rendelhető;1;;;1;http://localhost/product-images/N-SZL.png,http://localhost/product-images/D-SZL.png;10x28 mm DIN 766 kalibrált teherlánc;0;Anyag:Acél:1,Felületkezelés:Natúr:2,Szemforma:Egyenes:3,Huzal átmérő:10:4,Belső hossz:28:5,Elérhető:Raktáron:6,Méret:10x28:7;;;;;;0;;;;;;;;;;
;1;10x28 mm DIN 766 kalibrált teherlánc;Láncok/Szemesláncok;0;1;;0;;0;;;N-SZL-11-10x28;;;Távol-keleti;;;;;;;;2.2;;;980.0;;;;;;m;0;"Távol-keleti gyártmányú, 10 mm huzalátmérőjű, 28 mm belső hosszúságú, egyenes szemformájú, natúr felületű, acél szemeslánc.<hr><div style='padding: 10px; background: #fff3f3; border: 1px solid #ffcccc; color: #d00;'><b>FIGYELEM:</b> A termék jelenleg nincs készleten, de rendelhető!</div><hr>A szállítási határidőről egyeztessen munkatársunkkal!<hr><strong>Figyelem!</strong><br>A termékkép illusztráció, a pontos műszaki tartalmat a cikkszám és a termék megnevezése tartalmazza! Kérdés, kérés esetén hívja munkatársunkat, vagy vegye fel velünk a kapcsolatot!";Távol-keleti gyártmányú, 10 mm huzalátmérőjű, 28 mm belső hosszúságú, egyenes szemformájú, natúr felületű, acél szemeslánc.;Szemeslánc,10x28;10x28 mm DIN 766 kalibrált teherlánc;10x28,szemeslánc;Távol-keleti gyártmányú, 10 mm huzalátmérőjű, 28 mm belső hosszúságú, egyenes szemformájú, natúr felületű, acél szemeslánc;N-SZL-11-10x28;Raktáron;Rendelhető;1;;;0;http://localhost/product-images/N-SZL.png,http://localhost/product-images/D-SZL.png;10x28 mm DIN 766 kalibrált teherlánc;0;Belső hossz:28:1,Elérhető:Árajánlattal:2,Méret:10x28:3,Anyag:Acél:4,Felületkezelés:Natúr:5,Szemforma:Egyenes:6,Huzal átmérő:10:7;;;;;;2;;;;;;;;;;
;1;11x31 mm DIN 766 kalibrált teherlánc;Láncok/Szemesláncok;3374;1;;0;;0;;;N-SZL-9-11x31;;;Retezarna;;;;;;;;2.7;;;642.9;;;;;;m;3374;Retezarna gyártmányú, 11 mm huzalátmérőjű, 31 mm belső hosszúságú, egyenes szemformájú, natúr felületű, acél szemeslánc.<hr>Készleten: 642.9 m<hr>Súly: 2.7 kg.<hr>Szállítási idő: 1-2 nap.<hr><strong>Figyelem!</strong><br>A termékkép illusztráció, a pontos műszaki tartalmat a cikkszám és a termék megnevezése tartalmazza! Kérdés, kérés esetén hívja munkatársunkat, vagy vegye fel velünk a kapcsolatot!;Retezarna gyártmányú, 11 mm huzalátmérőjű, 31 mm belső hosszúságú, egyenes szemformájú, natúr felületű, acél szemeslánc.;Szemeslánc,11x31;11x31 mm DIN 766 kalibrált teherlánc;11x31,szemeslánc;Retezarna gyártmányú, 11 mm huzalátmérőjű, 31 mm belső hosszúságú, egyenes szemformájú, natúr felületű, acél szemeslánc;N-SZL-9-11x31;Raktáron;Rendelhető;1;;;1;http://localhost/product-images/N-SZL.png,http://localhost/product-images/D-SZL.png;11x31 mm DIN 766 kalibrált teherlánc;0;Méret:11x31:1,Anyag:Acél:2,Felületkezelés:Natúr:3,Szemforma:Egyenes:4,Huzal átmérő:11:5,Belső hossz:31:6,Elérhető:Raktáron:7;;;;;;0;;;;;;;;;;
;1;11x31 mm DIN 766 kalibrált teherlánc;Láncok/Szemesláncok;0;1;;0;;0;;;N-SZL-11-11x31;;;Távol-keleti;;;;;;;;2.7;;;2953.5;;;;;;m;0;"Távol-keleti gyártmányú, 11 mm huzalátmérőjű, 31 mm belső hosszúságú, egyenes szemformájú, natúr felületű, acél szemeslánc.<hr><div style='padding: 10px; background: #fff3f3; border: 1px solid #ffcccc; color: #d00;'><b>FIGYELEM:</b> A termék jelenleg nincs készleten, de rendelhető!</div><hr>A szállítási határidőről egyeztessen munkatársunkkal!<hr><strong>Figyelem!</strong><br>A termékkép illusztráció, a pontos műszaki tartalmat a cikkszám és a termék megnevezése tartalmazza! Kérdés, kérés esetén hívja munkatársunkat, vagy vegye fel velünk a kapcsolatot!";Távol-keleti gyártmányú, 11 mm huzalátmérőjű, 31 mm belső hosszúságú, egyenes szemformájú, natúr felületű, acél szemeslánc.;Szemeslánc,11x31;11x31 mm DIN 766 kalibrált teherlánc;11x31,szemeslánc;Távol-keleti gyártmányú, 11 mm huzalátmérőjű, 31 mm belső hosszúságú, egyenes szemformájú, natúr felületű, acél szemeslánc;N-SZL-11-11x31;Raktáron;Rendelhető;1;;;0;http://localhost/product-images/N-SZL.png,http://localhost/product-images/D-SZL.png;11x31 mm DIN 766 kalibrált teherlánc;0;Huzal átmérő:11:1,Belső hossz:31:2,Elérhető:Árajánlattal:3,Méret:11x31:4,Anyag:Acél:5,Felületkezelés:Natúr:6,Szemforma:Egyenes:7;;;;;;2;;;;;;;;;;
;1;13x82 mm DIN 763 natúr teherlánc ;Láncok/Szemesláncok;5662;1;;0;;0;;;N-SZL-9-13x82;;;Retezarna;;;;;;;;3.0;;;0.0;;;;;;m;5662;"Retezarna gyártmányú, 13 mm huzalátmérőjű, 82 mm belső hosszúságú, egyenes szemformájú, natúr felületű, acél szemeslánc.<hr><div style='padding: 10px; background: #fff3f3; border: 1px solid #ffcccc; color: #d00;'><b>FIGYELEM:</b> A termék jelenleg nincs készleten, de rendelhető!</div><hr>A szállítási határidőről egyeztessen munkatársunkkal!<hr><strong>Figyelem!</strong><br>A termékkép illusztráció, a pontos műszaki tartalmat a cikkszám és a termék megnevezése tartalmazza! Kérdés, kérés esetén hívja munkatársunkat, vagy vegye fel velünk a kapcsolatot!";Retezarna gyártmányú, 13 mm huzalátmérőjű, 82 mm belső hosszúságú, egyenes szemformájú, natúr felületű, acél szemeslánc.;Szemeslánc,13x82;13x82 mm DIN 763 natúr teherlánc ;13x82,szemeslánc;Retezarna gyártmányú, 13 mm huzalátmérőjű, 82 mm belső hosszúságú, egyenes szemformájú, natúr felületű, acél szemeslánc;N-SZL-9-13x82;Raktáron;Rendelhető;0;;;1;http://localhost/product-images/N-SZL.png,http://localhost/product-images/D-SZL.png;13x82 mm DIN 763 natúr teherlánc ;0;Anyag:Acél:1,Felületkezelés:Natúr:2,Szemforma:Egyenes:3,Huzal átmérő:13:4,Belső hossz:82:5,Elérhető:Rendelésre:6,Méret:13x82:7;;;;;;2;;;;;;;;;;
;1;13x82 mm DIN 763 natúr teherlánc;Láncok/Szemesláncok;0;1;;0;;0;;;N-SZL-11-13x82;;;Távol-keleti;;;;;;;;3.0;;;98.5;;;;;;m;0;"Távol-keleti gyártmányú, 13 mm huzalátmérőjű, 82 mm belső hosszúságú, egyenes szemformájú, natúr felületű, acél szemeslánc.<hr><div style='padding: 10px; background: #fff3f3; border: 1px solid #ffcccc; color: #d00;'><b>FIGYELEM:</b> A termék jelenleg nincs készleten, de rendelhető!</div><hr>A szállítási határidőről egyeztessen munkatársunkkal!<hr><strong>Figyelem!</strong><br>A termékkép illusztráció, a pontos műszaki tartalmat a cikkszám és a termék megnevezése tartalmazza! Kérdés, kérés esetén hívja munkatársunkat, vagy vegye fel velünk a kapcsolatot!";Távol-keleti gyártmányú, 13 mm huzalátmérőjű, 82 mm belső hosszúságú, egyenes szemformájú, natúr felületű, acél szemeslánc.;Szemeslánc,13x82;13x82 mm DIN 763 natúr teherlánc;13x82,szemeslánc;Távol-keleti gyártmányú, 13 mm huzalátmérőjű, 82 mm belső hosszúságú, egyenes szemformájú, natúr felületű, acél szemeslánc;N-SZL-11-13x82;Raktáron;Rendelhető;1;;;0;http://localhost/product-images/N-SZL.png,http://localhost/product-images/D-SZL.png;13x82 mm DIN 763 natúr teherlánc;0;Huzal átmérő:13:1,Belső hossz:82:2,Elérhető:Árajánlattal:3,Méret:13x82:4,Anyag:Acél:5,Felületkezelés:Natúr:6,Szemforma:Egyenes:7;;;;;;2;;;;;;;;;;
;1;13x65 mm DIN 762 natúr teherlánc;Láncok/Szemesláncok;0;1;;0;;0;;;N-SZL-0-13x65;;;Renold;;;;;;;;3.1;;;0.0;;;;;;m;0;"Renold gyártmányú, 13 mm huzalátmérőjű, 65 mm belső hosszúságú, egyenes szemformájú, natúr felületű, acél szemeslánc.<hr><div style='padding: 10px; background: #fff3f3; border: 1px solid #ffcccc; color: #d00;'><b>FIGYELEM:</b> A termék jelenleg nincs készleten, de rendelhető!</div><hr>A szállítási határidőről egyeztessen munkatársunkkal!<hr><strong>Figyelem!</strong><br>A termékkép illusztráció, a pontos műszaki tartalmat a cikkszám és a termék megnevezése tartalmazza! Kérdés, kérés esetén hívja munkatársunkat, vagy vegye fel velünk a kapcsolatot!";Renold gyártmányú, 13 mm huzalátmérőjű, 65 mm belső hosszúságú, egyenes szemformájú, natúr felületű, acél szemeslánc.;Szemeslánc,13x65;13x65 mm DIN 762 natúr teherlánc;13x65,szemeslánc;Renold gyártmányú, 13 mm huzalátmérőjű, 65 mm belső hosszúságú, egyenes szemformájú, natúr felületű, acél szemeslánc;N-SZL-0-13x65;Raktáron;Rendelhető;1;;;0;http://localhost/product-images/N-SZL.png,http://localhost/product-images/D-SZL.png;13x65 mm DIN 762 natúr teherlánc;0;Huzal átmérő:13:1,Belső hossz:65:2,Elérhető:Árajánlattal:3,Méret:13x65:4,Anyag:Acél:5,Felületkezelés:Natúr:6,Szemforma:Egyenes:7;;;;;;2;;;;;;;;;;
;1;13x45 mm DIN 764 natúr teherlánc;Láncok/Szemesláncok;0;1;;0;;0;;;N-SZL-9-13x45;;;Retezarna;;;;;;;;3.6;;;0.0;;;;;;m;0;"Retezarna gyártmányú, 13 mm huzalátmérőjű, 45 mm belső hosszúságú, egyenes szemformájú, natúr felületű, acél szemeslánc.<hr><div style='padding: 10px; background: #fff3f3; border: 1px solid #ffcccc; color: #d00;'><b>FIGYELEM:</b> A termék jelenleg nincs készleten, de rendelhető!</div><hr>A szállítási határidőről egyeztessen munkatársunkkal!<hr><strong>Figyelem!</strong><br>A termékkép illusztráció, a pontos műszaki tartalmat a cikkszám és a termék megnevezése tartalmazza! Kérdés, kérés esetén hívja munkatársunkat, vagy vegye fel velünk a kapcsolatot!";Retezarna gyártmányú, 13 mm huzalátmérőjű, 45 mm belső hosszúságú, egyenes szemformájú, natúr felületű, acél szemeslánc.;Szemeslánc,13x45;13x45 mm DIN 764 natúr teherlánc;13x45,szemeslánc;Retezarna gyártmányú, 13 mm huzalátmérőjű, 45 mm belső hosszúságú, egyenes szemformájú, natúr felületű, acél szemeslánc;N-SZL-9-13x45;Raktáron;Rendelhető;1;;;0;http://localhost/product-images/N-SZL.png,http://localhost/product-images/D-SZL.png;13x45 mm DIN 764 natúr teherlánc;0;Anyag:Acél:1,Felületkezelés:Natúr:2,Szemforma:Egyenes:3,Huzal átmérő:13:4,Belső hossz:45:5,Elérhető:Árajánlattal:6,Méret:13x45:7;;;;;;2;;;;;;;;;;
;1;13x36 mm DIN 766 kalibrált teherlánc;Láncok/Szemesláncok;0;1;;0;;0;;;N-SZL-0-13x36;;;Renold;;;;;;;;3.8;;;0.0;;;;;;m;0;"Renold gyártmányú, 13 mm huzalátmérőjű, 36 mm belső hosszúságú, egyenes szemformájú, natúr felületű, acél szemeslánc.<hr><div style='padding: 10px; background: #fff3f3; border: 1px solid #ffcccc; color: #d00;'><b>FIGYELEM:</b> A termék jelenleg nincs készleten, de rendelhető!</div><hr>A szállítási határidőről egyeztessen munkatársunkkal!<hr><strong>Figyelem!</strong><br>A termékkép illusztráció, a pontos műszaki tartalmat a cikkszám és a termék megnevezése tartalmazza! Kérdés, kérés esetén hívja munkatársunkat, vagy vegye fel velünk a kapcsolatot!";Renold gyártmányú, 13 mm huzalátmérőjű, 36 mm belső hosszúságú, egyenes szemformájú, natúr felületű, acél szemeslánc.;Szemeslánc,13x36;13x36 mm DIN 766 kalibrált teherlánc;13x36,szemeslánc;Renold gyártmányú, 13 mm huzalátmérőjű, 36 mm belső hosszúságú, egyenes szemformájú, natúr felületű, acél szemeslánc;N-SZL-0-13x36;Raktáron;Rendelhető;1;;;0;http://localhost/product-images/N-SZL.png,http://localhost/product-images/D-SZL.png;13x36 mm DIN 766 kalibrált teherlánc;0;Szemforma:Egyenes:1,Huzal átmérő:13:2,Belső hossz:36:3,Elérhető:Árajánlattal:4,Méret:13x36:5,Anyag:Acél:6,Felületkezelés:Natúr:7;;;;;;2;;;;;;;;;;
;1;14x41 mm DIN 766 kalibrált teherlánc;Láncok/Szemesláncok;3374;1;;0;;0;;;N-SZL-9-14x41;;;Retezarna;;;;;;;;4.4;;;0.0;;;;;;m;3374;"Retezarna gyártmányú, 14 mm huzalátmérőjű, 41 mm belső hosszúságú, egyenes szemformájú, natúr felületű, acél szemeslánc.<hr><div style='padding: 10px; background: #fff3f3; border: 1px solid #ffcccc; color: #d00;'><b>FIGYELEM:</b> A termék jelenleg nincs készleten, de rendelhető!</div><hr>A szállítási határidőről egyeztessen munkatársunkkal!<hr><strong>Figyelem!</strong><br>A termékkép illusztráció, a pontos műszaki tartalmat a cikkszám és a termék megnevezése tartalmazza! Kérdés, kérés esetén hívja munkatársunkat, vagy vegye fel velünk a kapcsolatot!";Retezarna gyártmányú, 14 mm huzalátmérőjű, 41 mm belső hosszúságú, egyenes szemformájú, natúr felületű, acél szemeslánc.;Szemeslánc,14x41;14x41 mm DIN 766 kalibrált teherlánc;14x41,szemeslánc;Retezarna gyártmányú, 14 mm huzalátmérőjű, 41 mm belső hosszúságú, egyenes szemformájú, natúr felületű, acél szemeslánc;N-SZL-9-14x41;Raktáron;Rendelhető;0;;;1;http://localhost/product-images/N-SZL.png,http://localhost/product-images/D-SZL.png;14x41 mm DIN 766 kalibrált teherlánc;0;Anyag:Acél:1,Felületkezelés:Natúr:2,Szemforma:Egyenes:3,Huzal átmérő:14:4,Belső hossz:41:5,Elérhető:Rendelésre:6,Méret:14x41:7;;;;;;2;;;;;;;;;;
;1;16x100 mm DIN 763 natúr teherlánc;Láncok/Szemesláncok;5662;1;;0;;0;;;N-SZL-9-16x100;;;Retezarna;;;;;;;;4.5;;;0.0;;;;;;m;5662;"Retezarna gyártmányú, 16 mm huzalátmérőjű, 100 mm belső hosszúságú, egyenes szemformájú, natúr felületű, acél szemeslánc.<hr><div style='padding: 10px; background: #fff3f3; border: 1px solid #ffcccc; color: #d00;'><b>FIGYELEM:</b> A termék jelenleg nincs készleten, de rendelhető!</div><hr>A szállítási határidőről egyeztessen munkatársunkkal!<hr><strong>Figyelem!</strong><br>A termékkép illusztráció, a pontos műszaki tartalmat a cikkszám és a termék megnevezése tartalmazza! Kérdés, kérés esetén hívja munkatársunkat, vagy vegye fel velünk a kapcsolatot!";Retezarna gyártmányú, 16 mm huzalátmérőjű, 100 mm belső hosszúságú, egyenes szemformájú, natúr felületű, acél szemeslánc.;Szemeslánc,16x100;16x100 mm DIN 763 natúr teherlánc;16x100,szemeslánc;Retezarna gyártmányú, 16 mm huzalátmérőjű, 100 mm belső hosszúságú, egyenes szemformájú, natúr felületű, acél szemeslánc;N-SZL-9-16x100;Raktáron;Rendelhető;0;;;1;http://localhost/product-images/N-SZL.png,http://localhost/product-images/D-SZL.png;16x100 mm DIN 763 natúr teherlánc;0;Anyag:Acél:1,Felületkezelés:Natúr:2,Szemforma:Egyenes:3,Huzal átmérő:16:4,Belső hossz:100:5,Elérhető:Rendelésre:6,Méret:16x100:7;;;;;;2;;;;;;;;;;
;1;16x64 mm DIN 22 252-2 natúr bányalánc;Láncok/Szemesláncok;0;1;;0;;0;;;N-SZL-9-16x64;;;Retezarna;;;;;;;;4.9;;;0.0;;;;;;m;0;"Retezarna gyártmányú, 16 mm huzalátmérőjű, 64 mm belső hosszúságú, egyenes szemformájú, natúr felületű, acél szemeslánc.<hr><div style='padding: 10px; background: #fff3f3; border: 1px solid #ffcccc; color: #d00;'><b>FIGYELEM:</b> A termék jelenleg nincs készleten, de rendelhető!</div><hr>A szállítási határidőről egyeztessen munkatársunkkal!<hr><strong>Figyelem!</strong><br>A termékkép illusztráció, a pontos műszaki tartalmat a cikkszám és a termék megnevezése tartalmazza! Kérdés, kérés esetén hívja munkatársunkat, vagy vegye fel velünk a kapcsolatot!";Retezarna gyártmányú, 16 mm huzalátmérőjű, 64 mm belső hosszúságú, egyenes szemformájú, natúr felületű, acél szemeslánc.;Szemeslánc,16x64;16x64 mm DIN 22 252-2 natúr bányalánc;16x64,szemeslánc;Retezarna gyártmányú, 16 mm huzalátmérőjű, 64 mm belső hosszúságú, egyenes szemformájú, natúr felületű, acél szemeslánc;N-SZL-9-16x64;Raktáron;Rendelhető;1;;;0;http://localhost/product-images/N-SZL.png,http://localhost/product-images/D-SZL.png;16x64 mm DIN 22 252-2 natúr bányalánc;0;Belső hossz:64:1,Elérhető:Árajánlattal:2,Méret:16x64:3,Anyag:Acél:4,Felületkezelés:Natúr:5,Szemforma:Egyenes:6,Huzal átmérő:16:7;;;;;;2;;;;;;;;;;
;1;16x64 mm DIN22252 natúr bányalánc;Láncok/Szemesláncok;0;1;;0;;0;;;N-SZL-11-16x64;;;Távol-keleti;;;;;;;;5.2;;;0.0;;;;;;m;0;"Távol-keleti gyártmányú, 16 mm huzalátmérőjű, 64 mm belső hosszúságú, egyenes szemformájú, natúr felületű, acél szemeslánc.<hr><div style='padding: 10px; background: #fff3f3; border: 1px solid #ffcccc; color: #d00;'><b>FIGYELEM:</b> A termék jelenleg nincs készleten, de rendelhető!</div><hr>A szállítási határidőről egyeztessen munkatársunkkal!<hr><strong>Figyelem!</strong><br>A termékkép illusztráció, a pontos műszaki tartalmat a cikkszám és a termék megnevezése tartalmazza! Kérdés, kérés esetén hívja munkatársunkat, vagy vegye fel velünk a kapcsolatot!";Távol-keleti gyártmányú, 16 mm huzalátmérőjű, 64 mm belső hosszúságú, egyenes szemformájú, natúr felületű, acél szemeslánc.;Szemeslánc,16x64;16x64 mm DIN22252 natúr bányalánc;16x64,szemeslánc;Távol-keleti gyártmányú, 16 mm huzalátmérőjű, 64 mm belső hosszúságú, egyenes szemformájú, natúr felületű, acél szemeslánc;N-SZL-11-16x64;Raktáron;Rendelhető;1;;;0;http://localhost/product-images/N-SZL.png,http://localhost/product-images/D-SZL.png;16x64 mm DIN22252 natúr bányalánc;0;Huzal átmérő:16:1,Belső hossz:64:2,Elérhető:Árajánlattal:3,Méret:16x64:4,Anyag:Acél:5,Felületkezelés:Natúr:6,Szemforma:Egyenes:7;;;;;;2;;;;;;;;;;
;1;16x56 mm DIN 764 natúr teherlánc;Láncok/Szemesláncok;0;1;;0;;0;;;N-SZL-0-16x56;;;Renold;;;;;;;;5.2;;;0.0;;;;;;m;0;"Renold gyártmányú, 16 mm huzalátmérőjű, 56 mm belső hosszúságú, egyenes szemformájú, natúr felületű, acél szemeslánc.<hr><div style='padding: 10px; background: #fff3f3; border: 1px solid #ffcccc; color: #d00;'><b>FIGYELEM:</b> A termék jelenleg nincs készleten, de rendelhető!</div><hr>A szállítási határidőről egyeztessen munkatársunkkal!<hr><strong>Figyelem!</strong><br>A termékkép illusztráció, a pontos műszaki tartalmat a cikkszám és a termék megnevezése tartalmazza! Kérdés, kérés esetén hívja munkatársunkat, vagy vegye fel velünk a kapcsolatot!";Renold gyártmányú, 16 mm huzalátmérőjű, 56 mm belső hosszúságú, egyenes szemformájú, natúr felületű, acél szemeslánc.;Szemeslánc,16x56;16x56 mm DIN 764 natúr teherlánc;16x56,szemeslánc;Renold gyártmányú, 16 mm huzalátmérőjű, 56 mm belső hosszúságú, egyenes szemformájú, natúr felületű, acél szemeslánc;N-SZL-0-16x56;Raktáron;Rendelhető;1;;;0;http://localhost/product-images/N-SZL.png,http://localhost/product-images/D-SZL.png;16x56 mm DIN 764 natúr teherlánc;0;Elérhető:Árajánlattal:1,Méret:16x56:2,Anyag:Acél:3,Felületkezelés:Natúr:4,Szemforma:Egyenes:5,Huzal átmérő:16:6,Belső hossz:56:7;;;;;;2;;;;;;;;;;
;1;16x56 mm DIN 764 horganyzott teherlánc;Láncok/Szemesláncok;10256;1;;0;;0;;;N-SZL-9-16x56_H;;;Retezarna;;;;;;;;5.3;;;0.0;;;;;;m;10256;"Retezarna gyártmányú, 16 mm huzalátmérőjű, 56 mm belső hosszúságú, egyenes szemformájú, horganyzott felületű, acél szemeslánc.<hr><div style='padding: 10px; background: #fff3f3; border: 1px solid #ffcccc; color: #d00;'><b>FIGYELEM:</b> A termék jelenleg nincs készleten, de rendelhető!</div><hr>A szállítási határidőről egyeztessen munkatársunkkal!<hr><strong>Figyelem!</strong><br>A termékkép illusztráció, a pontos műszaki tartalmat a cikkszám és a termék megnevezése tartalmazza! Kérdés, kérés esetén hívja munkatársunkat, vagy vegye fel velünk a kapcsolatot!";Retezarna gyártmányú, 16 mm huzalátmérőjű, 56 mm belső hosszúságú, egyenes szemformájú, horganyzott felületű, acél szemeslánc.;Horganyzott,Szemeslánc,16x56;16x56 mm DIN 764 horganyzott teherlánc;16x56,horganyzott,szemeslánc;Retezarna gyártmányú, 16 mm huzalátmérőjű, 56 mm belső hosszúságú, egyenes szemformájú, horganyzott felületű, acél szemeslánc;N-SZL-9-16x56_H;Raktáron;Rendelhető;0;;;1;http://localhost/product-images/N-SZL_H.png,http://localhost/product-images/D-SZL_H.png;16x56 mm DIN 764 horganyzott teherlánc;0;Belső hossz:56:1,Elérhető:Rendelésre:2,Méret:16x56:3,Anyag:Acél:4,Felületkezelés:Horganyzott:5,Szemforma:Egyenes:6,Huzal átmérő:16:7;;;;;;2;;;;;;;;;;
;1;16x45 mm DIN 766 natúr teherlánc;Láncok/Szemesláncok;0;1;;0;;0;;;N-SZL-0-16x45;;;Renold;;;;;;;;5.8;;;0.0;;;;;;m;0;"Renold gyártmányú, 16 mm huzalátmérőjű, 45 mm belső hosszúságú, egyenes szemformájú, natúr felületű, acél szemeslánc.<hr><div style='padding: 10px; background: #fff3f3; border: 1px solid #ffcccc; color: #d00;'><b>FIGYELEM:</b> A termék jelenleg nincs készleten, de rendelhető!</div><hr>A szállítási határidőről egyeztessen munkatársunkkal!<hr><strong>Figyelem!</strong><br>A termékkép illusztráció, a pontos műszaki tartalmat a cikkszám és a termék megnevezése tartalmazza! Kérdés, kérés esetén hívja munkatársunkat, vagy vegye fel velünk a kapcsolatot!";Renold gyártmányú, 16 mm huzalátmérőjű, 45 mm belső hosszúságú, egyenes szemformájú, natúr felületű, acél szemeslánc.;Szemeslánc,16x45;16x45 mm DIN 766 natúr teherlánc;16x45,szemeslánc;Renold gyártmányú, 16 mm huzalátmérőjű, 45 mm belső hosszúságú, egyenes szemformájú, natúr felületű, acél szemeslánc;N-SZL-0-16x45;Raktáron;Rendelhető;1;;;0;http://localhost/product-images/N-SZL.png,http://localhost/product-images/D-SZL.png;16x45 mm DIN 766 natúr teherlánc;0;Huzal átmérő:16:1,Belső hossz:45:2,Elérhető:Árajánlattal:3,Méret:16x45:4,Anyag:Acél:5,Felületkezelés:Natúr:6,Szemforma:Egyenes:7;;;;;;2;;;;;;;;;;
;1;18x63 mm DIN 764 horganyzott teherlánc;Láncok/Szemesláncok;12434;1;;0;;0;;;N-SZL-9-18x63_H;;;Retezarna;;;;;;;;6.5;;;0.0;;;;;;m;12434;"Retezarna gyártmányú, 18 mm huzalátmérőjű, 63 mm belső hosszúságú, egyenes szemformájú, horganyzott felületű, acél szemeslánc.<hr><div style='padding: 10px; background: #fff3f3; border: 1px solid #ffcccc; color: #d00;'><b>FIGYELEM:</b> A termék jelenleg nincs készleten, de rendelhető!</div><hr>A szállítási határidőről egyeztessen munkatársunkkal!<hr><strong>Figyelem!</strong><br>A termékkép illusztráció, a pontos műszaki tartalmat a cikkszám és a termék megnevezése tartalmazza! Kérdés, kérés esetén hívja munkatársunkat, vagy vegye fel velünk a kapcsolatot!";Retezarna gyártmányú, 18 mm huzalátmérőjű, 63 mm belső hosszúságú, egyenes szemformájú, horganyzott felületű, acél szemeslánc.;Horganyzott,Szemeslánc,18x63;18x63 mm DIN 764 horganyzott teherlánc;18x63,horganyzott,szemeslánc;Retezarna gyártmányú, 18 mm huzalátmérőjű, 63 mm belső hosszúságú, egyenes szemformájú, horganyzott felületű, acél szemeslánc;N-SZL-9-18x63_H;Raktáron;Rendelhető;0;;;1;http://localhost/product-images/N-SZL_H.png,http://localhost/product-images/D-SZL_H.png;18x63 mm DIN 764 horganyzott teherlánc;0;Huzal átmérő:18:1,Belső hossz:63:2,Elérhető:Rendelésre:3,Méret:18x63:4,Anyag:Acél:5,Felületkezelés:Horganyzott:6,Szemforma:Egyenes:7;;;;;;2;;;;;;;;;;
;1;18x50 mm DIN 766 natúr teherlánc;Láncok/Szemesláncok;0;1;;0;;0;;;N-SZL-9-18x50;;;Retezarna;;;;;;;;7.4;;;0.0;;;;;;m;0;"Retezarna gyártmányú, 18 mm huzalátmérőjű, 50 mm belső hosszúságú, egyenes szemformájú, natúr felületű, acél szemeslánc.<hr><div style='padding: 10px; background: #fff3f3; border: 1px solid #ffcccc; color: #d00;'><b>FIGYELEM:</b> A termék jelenleg nincs készleten, de rendelhető!</div><hr>A szállítási határidőről egyeztessen munkatársunkkal!<hr><strong>Figyelem!</strong><br>A termékkép illusztráció, a pontos műszaki tartalmat a cikkszám és a termék megnevezése tartalmazza! Kérdés, kérés esetén hívja munkatársunkat, vagy vegye fel velünk a kapcsolatot!";Retezarna gyártmányú, 18 mm huzalátmérőjű, 50 mm belső hosszúságú, egyenes szemformájú, natúr felületű, acél szemeslánc.;Szemeslánc,18x50;18x50 mm DIN 766 natúr teherlánc;18x50,szemeslánc;Retezarna gyártmányú, 18 mm huzalátmérőjű, 50 mm belső hosszúságú, egyenes szemformájú, natúr felületű, acél szemeslánc;N-SZL-9-18x50;Raktáron;Rendelhető;1;;;0;http://localhost/product-images/N-SZL.png,http://localhost/product-images/D-SZL.png;18x50 mm DIN 766 natúr teherlánc;0;Anyag:Acél:1,Felületkezelés:Natúr:2,Szemforma:Egyenes:3,Huzal átmérő:18:4,Belső hossz:50:5,Elérhető:Árajánlattal:6,Méret:18x50:7;;;;;;2;;;;;;;;;;
;1;18x50 mm DIN 766 natúr teherlánc;Láncok/Szemesláncok;0;1;;0;;0;;;N-SZL-0-18x50;;;Renold;;;;;;;;7.4;;;0.0;;;;;;m;0;"Renold gyártmányú, 18 mm huzalátmérőjű, 50 mm belső hosszúságú, egyenes szemformájú, natúr felületű, acél szemeslánc.<hr><div style='padding: 10px; background: #fff3f3; border: 1px solid #ffcccc; color: #d00;'><b>FIGYELEM:</b> A termék jelenleg nincs készleten, de rendelhető!</div><hr>A szállítási határidőről egyeztessen munkatársunkkal!<hr><strong>Figyelem!</strong><br>A termékkép illusztráció, a pontos műszaki tartalmat a cikkszám és a termék megnevezése tartalmazza! Kérdés, kérés esetén hívja munkatársunkat, vagy vegye fel velünk a kapcsolatot!";Renold gyártmányú, 18 mm huzalátmérőjű, 50 mm belső hosszúságú, egyenes szemformájú, natúr felületű, acél szemeslánc.;Szemeslánc,18x50;18x50 mm DIN 766 natúr teherlánc;18x50,szemeslánc;Renold gyártmányú, 18 mm huzalátmérőjű, 50 mm belső hosszúságú, egyenes szemformájú, natúr felületű, acél szemeslánc;N-SZL-0-18x50;Raktáron;Rendelhető;1;;;0;http://localhost/product-images/N-SZL.png,http://localhost/product-images/D-SZL.png;18x50 mm DIN 766 natúr teherlánc;0;Szemforma:Egyenes:1,Huzal átmérő:18:2,Belső hossz:50:3,Elérhető:Árajánlattal:4,Méret:18x50:5,Anyag:Acél:6,Felületkezelés:Natúr:7;;;;;;2;;;;;;;;;;
;1;20x100 mm DIN 762 natúr teherlánc;Láncok/Szemesláncok;9598;1;;0;;0;;;N-SZL-9-20x100;;;Retezarna;;;;;;;;7.4;;;0.0;;;;;;m;9598;"Retezarna gyártmányú, 20 mm huzalátmérőjű, 100 mm belső hosszúságú, egyenes szemformájú, natúr felületű, acél szemeslánc.<hr><div style='padding: 10px; background: #fff3f3; border: 1px solid #ffcccc; color: #d00;'><b>FIGYELEM:</b> A termék jelenleg nincs készleten, de rendelhető!</div><hr>A szállítási határidőről egyeztessen munkatársunkkal!<hr><strong>Figyelem!</strong><br>A termékkép illusztráció, a pontos műszaki tartalmat a cikkszám és a termék megnevezése tartalmazza! Kérdés, kérés esetén hívja munkatársunkat, vagy vegye fel velünk a kapcsolatot!";Retezarna gyártmányú, 20 mm huzalátmérőjű, 100 mm belső hosszúságú, egyenes szemformájú, natúr felületű, acél szemeslánc.;Szemeslánc,20x100;20x100 mm DIN 762 natúr teherlánc;20x100,szemeslánc;Retezarna gyártmányú, 20 mm huzalátmérőjű, 100 mm belső hosszúságú, egyenes szemformájú, natúr felületű, acél szemeslánc;N-SZL-9-20x100;Raktáron;Rendelhető;0;;;1;http://localhost/product-images/N-SZL.png,http://localhost/product-images/D-SZL.png;20x100 mm DIN 762 natúr teherlánc;0;Elérhető:Rendelésre:1,Méret:20x100:2,Anyag:Acél:3,Felületkezelés:Natúr:4,Szemforma:Egyenes:5,Huzal átmérő:20:6,Belső hossz:100:7;;;;;;2;;;;;;;;;;
;1;20x56 mm DIN 766 kalibrált teherlánc;Láncok/Szemesláncok;14218;1;;0;;0;;;N-SZL-9-20x56;;;Retezarna;;;;;;;;9.0;;;0.0;;;;;;m;14218;"Retezarna gyártmányú, 20 mm huzalátmérőjű, 56 mm belső hosszúságú, egyenes szemformájú, natúr felületű, acél szemeslánc.<hr><div style='padding: 10px; background: #fff3f3; border: 1px solid #ffcccc; color: #d00;'><b>FIGYELEM:</b> A termék jelenleg nincs készleten, de rendelhető!</div><hr>A szállítási határidőről egyeztessen munkatársunkkal!<hr><strong>Figyelem!</strong><br>A termékkép illusztráció, a pontos műszaki tartalmat a cikkszám és a termék megnevezése tartalmazza! Kérdés, kérés esetén hívja munkatársunkat, vagy vegye fel velünk a kapcsolatot!";Retezarna gyártmányú, 20 mm huzalátmérőjű, 56 mm belső hosszúságú, egyenes szemformájú, natúr felületű, acél szemeslánc.;Szemeslánc,20x56;20x56 mm DIN 766 kalibrált teherlánc;20x56,szemeslánc;Retezarna gyártmányú, 20 mm huzalátmérőjű, 56 mm belső hosszúságú, egyenes szemformájú, natúr felületű, acél szemeslánc;N-SZL-9-20x56;Raktáron;Rendelhető;0;;;1;http://localhost/product-images/N-SZL.png,http://localhost/product-images/D-SZL.png;20x56 mm DIN 766 kalibrált teherlánc;0;Belső hossz:56:1,Elérhető:Rendelésre:2,Méret:20x56:3,Anyag:Acél:4,Felületkezelés:Natúr:5,Szemforma:Egyenes:6,Huzal átmérő:20:7;;;;;;2;;;;;;;;;;
;1;20x56 mm DIN 766 kalibrált teherlánc;Láncok/Szemesláncok;0;1;;0;;0;;;N-SZL-0-20x56;;;Renold;;;;;;;;9.0;;;0.0;;;;;;m;0;"Renold gyártmányú, 20 mm huzalátmérőjű, 56 mm belső hosszúságú, egyenes szemformájú, natúr felületű, acél szemeslánc.<hr><div style='padding: 10px; background: #fff3f3; border: 1px solid #ffcccc; color: #d00;'><b>FIGYELEM:</b> A termék jelenleg nincs készleten, de rendelhető!</div><hr>A szállítási határidőről egyeztessen munkatársunkkal!<hr><strong>Figyelem!</strong><br>A termékkép illusztráció, a pontos műszaki tartalmat a cikkszám és a termék megnevezése tartalmazza! Kérdés, kérés esetén hívja munkatársunkat, vagy vegye fel velünk a kapcsolatot!";Renold gyártmányú, 20 mm huzalátmérőjű, 56 mm belső hosszúságú, egyenes szemformájú, natúr felületű, acél szemeslánc.;Szemeslánc,20x56;20x56 mm DIN 766 kalibrált teherlánc;20x56,szemeslánc;Renold gyártmányú, 20 mm huzalátmérőjű, 56 mm belső hosszúságú, egyenes szemformájú, natúr felületű, acél szemeslánc;N-SZL-0-20x56;Raktáron;Rendelhető;1;;;0;http://localhost/product-images/N-SZL.png,http://localhost/product-images/D-SZL.png;20x56 mm DIN 766 kalibrált teherlánc;0;Anyag:Acél:1,Felületkezelés:Natúr:2,Szemforma:Egyenes:3,Huzal átmérő:20:4,Belső hossz:56:5,Elérhető:Árajánlattal:6,Méret:20x56:7;;;;;;2;;;;;;;;;;
;1;23x64 mm DIN 766 horganyzott szemeslánc;Láncok/Szemesláncok;12434;1;;0;;0;;;N-SZL-11-23x64_H;;;Távol-keleti;;;;;;;;11.1;;;0.0;;;;;;m;12434;"Távol-keleti gyártmányú, 23 mm huzalátmérőjű, 64 mm belső hosszúságú, egyenes szemformájú, horganyzott felületű, acél szemeslánc.<hr><div style='padding: 10px; background: #fff3f3; border: 1px solid #ffcccc; color: #d00;'><b>FIGYELEM:</b> A termék jelenleg nincs készleten, de rendelhető!</div><hr>A szállítási határidőről egyeztessen munkatársunkkal!<hr><strong>Figyelem!</strong><br>A termékkép illusztráció, a pontos műszaki tartalmat a cikkszám és a termék megnevezése tartalmazza! Kérdés, kérés esetén hívja munkatársunkat, vagy vegye fel velünk a kapcsolatot!";Távol-keleti gyártmányú, 23 mm huzalátmérőjű, 64 mm belső hosszúságú, egyenes szemformájú, horganyzott felületű, acél szemeslánc.;Horganyzott,Szemeslánc,23x64;23x64 mm DIN 766 horganyzott szemeslánc;23x64,horganyzott,szemeslánc;Távol-keleti gyártmányú, 23 mm huzalátmérőjű, 64 mm belső hosszúságú, egyenes szemformájú, horganyzott felületű, acél szemeslánc;N-SZL-11-23x64_H;Raktáron;Rendelhető;0;;;1;http://localhost/product-images/N-SZL_H.png,http://localhost/product-images/D-SZL_H.png;23x64 mm DIN 766 horganyzott szemeslánc;0;Szemforma:Egyenes:1,Huzal átmérő:23:2,Belső hossz:64:3,Elérhető:Rendelésre:4,Méret:23x64:5,Anyag:Acél:6,Felületkezelés:Horganyzott:7;;;;;;2;;;;;;;;;;
